label,join_buffer_size_bytes,spill_ratio,duration_s,optimistic_count,spill_count
256KB,262144,1.0,0.300866458,10,10
384KB,393216,0.8,0.159108375,10,8
512KB,524288,0.8,0.145833458,10,8
768KB,786432,0.5,0.109869083,10,5
1MB,1048576,0.2,0.09931975,10,2
1.5MB,1572864,0.2,0.09517375,10,2
2MB,2097152,0.1,0.09019275,10,1
3MB,3145728,0.0,0.091221583,10,0
4MB,4194304,0.0,0.099330459,10,0
6MB,6291456,0.0,0.089933083,10,0
