label,join_buffer_size_bytes,spill_ratio,duration_s,optimistic_count,spill_count
256KB,262144,1.0,0.206518417,10,10
384KB,393216,0.8,0.151016375,10,8
512KB,524288,0.8,0.144043583,10,8
768KB,786432,0.5,0.109044416,10,5
1MB,1048576,0.2,0.103850917,10,2
1.5MB,1572864,0.2,0.094327458,10,2
2MB,2097152,0.1,0.09059575,10,1
3MB,3145728,0.0,0.09244075,10,0
4MB,4194304,0.0,0.088887208,10,0
6MB,6291456,0.0,0.088566917,10,0
