label,join_buffer_size_bytes,spill_ratio,duration_s,optimistic_count,spill_count
256KB,262144,1.0,0.215640004,10,10
384KB,393216,0.8,0.197317655,10,8
512KB,524288,0.8,0.192855138,10,8
768KB,786432,0.5,0.176739926,10,5
1MB,1048576,0.2,0.170652795,10,2
1.5MB,1572864,0.2,0.171845874,10,2
2MB,2097152,0.1,0.162110284,10,1
3MB,3145728,0.0,0.159262662,10,0
4MB,4194304,0.0,0.172273525,10,0
6MB,6291456,0.0,0.165735264,10,0
