label,join_buffer_size_bytes,spill_ratio,duration_s,optimistic_count,spill_count
256KB,262144,1.0,0.531158583,4,4
384KB,393216,0.75,0.507649042,4,3
512KB,524288,0.75,0.492181625,4,3
768KB,786432,0.5,0.481880208,4,2
1MB,1048576,0.5,0.477322375,4,2
1.5MB,1572864,0.5,0.481226625,4,2
2MB,2097152,0.5,0.487394208,4,2
3MB,3145728,0.5,0.461471167,4,2
4MB,4194304,0.25,0.451159542,4,1
6MB,6291456,0.0,0.43119175,4,0
