label,join_buffer_size_bytes,spill_ratio,duration_s,optimistic_count,spill_count
256KB,262144,0.7142857142857143,0.882110701,7,5
512KB,524288,0.42857142857142855,0.839150903,7,3
768KB,786432,0.2857142857142857,0.811212074,7,2
1MB,1048576,0.14285714285714285,0.765499928,7,1
2MB,2097152,0.14285714285714285,0.76133663,7,1
4MB,4194304,0.14285714285714285,0.757734328,7,1
6MB,6291456,0.0,0.751400011,7,0
