label,join_buffer_size_bytes,spill_ratio,duration_s,optimistic_count,spill_count
256KB,262144,1.0,0.760217917,10,10
384KB,393216,1.0,0.498447291,10,10
512KB,524288,1.0,0.481857834,10,10
768KB,786432,0.6,0.292980833,10,6
1MB,1048576,0.5,0.282923458,10,5
1.5MB,1572864,0.5,0.243864167,10,5
2MB,2097152,0.3,0.238192333,10,3
3MB,3145728,0.1,0.194530208,10,1
4MB,4194304,0.0,0.191162917,10,0
6MB,6291456,0.0,0.190793583,10,0
