label,join_buffer_size_bytes,spill_ratio,duration_s,optimistic_count,spill_count
256KB,262144,1.0,0.629006806,10,10
384KB,393216,1.0,0.624755424,10,10
512KB,524288,1.0,0.60707409,10,10
768KB,786432,0.6,0.468275806,10,6
1MB,1048576,0.5,0.434233241,10,5
1.5MB,1572864,0.5,0.420418262,10,5
2MB,2097152,0.3,0.384033023,10,3
3MB,3145728,0.1,0.351158488,10,1
4MB,4194304,0.0,0.337163303,10,0
6MB,6291456,0.0,0.34832206,10,0
