label,join_buffer_size_bytes,spill_ratio,duration_s,optimistic_count,spill_count
256KB,262144,0.75,2.602060625,8,6
384KB,393216,0.5,2.6051597920000003,8,4
512KB,524288,0.5,2.707747084,8,4
768KB,786432,0.25,1.219693167,8,2
1MB,1048576,0.125,1.160368291,8,1
1.5MB,1572864,0.125,1.184248083,8,1
2MB,2097152,0.125,1.1665628749999999,8,1
3MB,3145728,0.125,1.161025209,8,1
4MB,4194304,0.125,1.1614835000000001,8,1
6MB,6291456,0.0,1.177869125,8,0
