label,join_buffer_size_bytes,spill_ratio,duration_s,optimistic_count,spill_count
256KB,262144,0.7777777777777778,5.640678476,9,7
512KB,524288,0.5555555555555556,3.5756442980000003,9,5
768KB,786432,0.2222222222222222,3.21187424,9,2
1MB,1048576,0.1111111111111111,3.127897801,9,1
2MB,2097152,0.1111111111111111,3.154048184,9,1
4MB,4194304,0.1111111111111111,3.14937797,9,1
6MB,6291456,0.0,2.480793852,9,0
