label,join_buffer_size_bytes,spill_ratio,duration_s,optimistic_count,spill_count
256KB,262144,0.0,0.019965417,2,0
384KB,393216,0.0,0.02008275,2,0
512KB,524288,0.0,0.020737834,2,0
768KB,786432,0.0,0.020115667,2,0
1MB,1048576,0.0,0.019946042,2,0
1.5MB,1572864,0.0,0.02011675,2,0
2MB,2097152,0.0,0.02032075,2,0
3MB,3145728,0.0,0.01856725,2,0
4MB,4194304,0.0,0.018231125,2,0
6MB,6291456,0.0,0.018994291,2,0
