label,join_buffer_size_bytes,spill_ratio,duration_s,optimistic_count,spill_count
256KB,262144,0.0,0.019036,3,0
384KB,393216,0.0,0.018301291,3,0
512KB,524288,0.0,0.018266458,3,0
768KB,786432,0.0,0.018950458,3,0
1MB,1048576,0.0,0.017917875,3,0
1.5MB,1572864,0.0,0.018102542,3,0
2MB,2097152,0.0,0.017841917,3,0
3MB,3145728,0.0,0.017554958,3,0
4MB,4194304,0.0,0.02052025,3,0
6MB,6291456,0.0,0.020127042,3,0
