label,join_buffer_size_bytes,spill_ratio,duration_s
256KB,262144,1.0,0.328058922
384KB,393216,0.8,0.307904004
512KB,524288,0.8,0.297005933
768KB,786432,0.5,0.271931179
1MB,1048576,0.2,0.26684949
1.5MB,1572864,0.2,0.255750254
2MB,2097152,0.1,0.255079532
3MB,3145728,0.0,0.259589199
4MB,4194304,0.0,0.253903215
6MB,6291456,0.0,0.24724638
