label,join_buffer_size_bytes,spill_ratio,duration_s
256KB,262144,1.0,0.447360622
384KB,393216,0.8,0.419308918
512KB,524288,0.8,0.404486247
768KB,786432,0.5,0.377337489
1MB,1048576,0.2,0.34662483
1.5MB,1572864,0.2,0.35792595
2MB,2097152,0.1,0.343575309
3MB,3145728,0.0,0.381289691
4MB,4194304,0.0,0.342955312
6MB,6291456,0.0,0.341743818
