label,join_buffer_size_bytes,spill_ratio,duration_s
256KB,262144,1.0,1988.279838875
384KB,393216,0.625,1295.59598625
512KB,524288,0.5,740.486315875
768KB,786432,0.5,741.447900208
1MB,1048576,0.25,737.972175125
1.5MB,1572864,0.25,740.481988916
2MB,2097152,0.125,733.005332375
3MB,3145728,0.125,734.66227225
4MB,4194304,0.0,84.536323375
6MB,6291456,0.0,84.725651083
