label,join_buffer_size_bytes,spill_ratio,duration_s
256KB,262144,1.0,0.377769334
384KB,393216,0.8,0.259137833
512KB,524288,0.8,0.250722208
768KB,786432,0.5,0.219732167
1MB,1048576,0.2,0.204435667
1.5MB,1572864,0.2,0.201451208
2MB,2097152,0.1,0.19685725
3MB,3145728,0.0,0.196468417
4MB,4194304,0.0,0.19978175
6MB,6291456,0.0,0.194261417
