label,join_buffer_size_bytes,spill_ratio,duration_s
256KB,262144,1.0,0.361823042
384KB,393216,0.8,0.268670375
512KB,524288,0.8,0.259330875
768KB,786432,0.5,0.2247595
1MB,1048576,0.2,0.216823583
1.5MB,1572864,0.2,0.215634292
2MB,2097152,0.1,0.216772458
3MB,3145728,0.0,0.198817917
4MB,4194304,0.0,0.197226167
6MB,6291456,0.0,0.208224167
