label,join_buffer_size_bytes,spill_ratio,spill_count,optimistic_count,optimism_level,duration_s
q4-2,786432,0.0,0,0,0.0,249.099602356
q4-2,786432,0.0,0,0,0.0,252.113807255
q4-2,786432,0.0,0,0,0.0,251.418126499
q4-2,786432,0.0,0,0,0.0,249.050600485
q4-2,786432,0.0,0,0,0.0,250.155790083
q4-2,786432,0.0,0,0,0.0,249.065309618
q4-2,786432,0.0,0,0,0.0,251.558833732
q4-2,786432,0.0,0,0,0.0,253.204668795
q4-2,786432,0.0,0,0,0.0,251.609682505
q4-2,786432,0.0,0,0,0.0,249.389207551
