label,join_buffer_size_bytes,spill_ratio,spill_count,optimistic_count,optimism_level,duration_s
q4-2,2097152,0.0,0,0,0.0,206.746828138
q4-2,2097152,0.0,0,0,0.0,209.938663289
q4-2,2097152,0.0,0,0,0.0,208.081185158
q4-2,2097152,0.0,0,0,0.0,207.153428062
q4-2,2097152,0.0,0,0,0.0,208.890468399
q4-2,2097152,0.0,0,0,0.0,208.601853939
q4-2,2097152,0.0,0,0,0.0,206.139447439
q4-2,2097152,0.0,0,0,0.0,208.517305816
q4-2,2097152,0.0,0,0,0.0,207.946958339
q4-2,2097152,0.0,0,0,0.0,209.97630255
