label,join_buffer_size_bytes,spill_ratio,spill_count,optimistic_count,optimism_level,duration_s
q4-1,4194304,0.0,0,0,0.0,251.087565061
q4-1,4194304,0.0,0,0,0.0,253.472996483
q4-1,4194304,0.0,0,0,0.0,253.69990037
q4-1,4194304,0.0,0,0,0.0,257.844576812
q4-1,4194304,0.0,0,0,0.0,253.32811349
q4-1,4194304,0.0,0,0,0.0,252.728615354
q4-1,4194304,0.0,0,0,0.0,251.7365546
q4-1,4194304,0.0,0,0,0.0,252.787362214
q4-1,4194304,0.0,0,0,0.0,250.172304005
q4-1,4194304,0.0,0,0,0.0,252.010045967
