label,join_buffer_size_bytes,spill_ratio,spill_count,optimistic_count,optimism_level,duration_s
q4-2,4194304,0.0,0,0,0.0,208.772831851
q4-2,4194304,0.0,0,0,0.0,207.952051669
q4-2,4194304,0.0,0,0,0.0,207.470192067
q4-2,4194304,0.0,0,0,0.0,206.316663287
q4-2,4194304,0.0,0,0,0.0,207.524324726
q4-2,4194304,0.0,0,0,0.0,207.658479391
q4-2,4194304,0.0,0,0,0.0,208.657447567
q4-2,4194304,0.0,0,0,0.0,206.919315524
q4-2,4194304,0.0,0,0,0.0,206.822795522
q4-2,4194304,0.0,0,0,0.0,206.147944493
