label,join_buffer_size_bytes,spill_ratio,spill_count,optimistic_count,optimism_level,duration_s
q4-3,2097152,0.0,0,0,0.0,215.261630818
q4-3,2097152,0.0,0,0,0.0,217.474090985
q4-3,2097152,0.0,0,0,0.0,215.314805757
q4-3,2097152,0.0,0,0,0.0,217.134519035
q4-3,2097152,0.0,0,0,0.0,215.560786666
q4-3,2097152,0.0,0,0,0.0,215.153329554
q4-3,2097152,0.0,0,0,0.0,214.367239968
q4-3,2097152,0.0,0,0,0.0,216.176834773
q4-3,2097152,0.0,0,0,0.0,216.629135669
q4-3,2097152,0.0,0,0,0.0,214.881204424
