label,join_buffer_size_bytes,spill_ratio,spill_count,optimistic_count,optimism_level,duration_s
q4-3,4194304,0.0,0,0,0.0,175.698934725
q4-3,4194304,0.0,0,0,0.0,174.387800345
q4-3,4194304,0.0,0,0,0.0,176.322495867
q4-3,4194304,0.0,0,0,0.0,174.768871792
q4-3,4194304,0.0,0,0,0.0,176.033816822
q4-3,4194304,0.0,0,0,0.0,175.657473482
q4-3,4194304,0.0,0,0,0.0,175.756074125
q4-3,4194304,0.0,0,0,0.0,174.720476147
q4-3,4194304,0.0,0,0,0.0,175.99770901
q4-3,4194304,0.0,0,0,0.0,174.44025955
