label,join_buffer_size_bytes,spill_ratio,spill_count,optimistic_count,optimism_level,duration_s
q4-1,786432,0.0,0,0,0.0,261.950810618
q4-1,786432,0.0,0,0,0.0,262.379012243
q4-1,786432,0.0,0,0,0.0,261.411857165
q4-1,786432,0.0,0,0,0.0,261.592183997
q4-1,786432,0.0,0,0,0.0,264.736906525
q4-1,786432,0.0,0,0,0.0,261.382638417
q4-1,786432,0.0,0,0,0.0,267.052884735
q4-1,786432,0.0,0,0,0.0,261.679204212
q4-1,786432,0.0,0,0,0.0,262.195190391
q4-1,786432,0.0,0,0,0.0,261.173330181
