label,join_buffer_size_bytes,spill_ratio,spill_count,optimistic_count,optimism_level,duration_s
q4-1,4194304,0.0,0,0,0.0,253.336603075
q4-1,4194304,0.0,0,0,0.0,253.770009746
q4-1,4194304,0.0,0,1,0.25,295.116282387
q4-1,4194304,0.0,0,1,0.25,300.450490338
q4-1,4194304,0.0,0,1,0.5,299.069272521
q4-1,4194304,0.0,0,1,0.5,301.230558117
q4-1,4194304,0.0,0,1,0.75,301.816828344
q4-1,4194304,0.0,0,1,0.75,302.078191309
q4-1,4194304,0.0,0,1,1.0,299.807908678
q4-1,4194304,0.0,0,1,1.0,303.65411575
