label,join_buffer_size_bytes,spill_ratio,spill_count,optimistic_count,optimism_level,duration_s
q4-3,786432,0.0,0,0,0.0,213.717345113
q4-3,786432,0.0,0,0,0.0,214.429645468
q4-3,786432,0.0,0,0,0.25,215.170063339
q4-3,786432,0.0,0,0,0.25,214.416442244
q4-3,786432,0.0,0,0,0.5,216.948821975
q4-3,786432,0.0,0,0,0.5,215.128154098
q4-3,786432,0.0,0,0,0.75,215.904117609
q4-3,786432,0.0,0,0,0.75,214.234034359
q4-3,786432,1.0,1,1,1.0,213.381920329
q4-3,786432,1.0,1,1,1.0,214.285720275
