label,join_buffer_size_bytes,spill_ratio,spill_count,optimistic_count,optimism_level,duration_s
q4-2,4194304,0.0,0,0,0.0,209.751814684
q4-2,4194304,0.0,0,0,0.0,208.50072245
q4-2,4194304,0.0,0,0,0.25,207.396648576
q4-2,4194304,0.0,0,0,0.25,208.538966906
q4-2,4194304,0.0,0,0,0.5,210.161549069
q4-2,4194304,0.0,0,0,0.5,208.567686032
q4-2,4194304,1.0,1,1,0.75,197.45620135
q4-2,4194304,1.0,1,1,0.75,197.538400308
q4-2,4194304,1.0,1,1,1.0,200.297621262
q4-2,4194304,1.0,1,1,1.0,199.717626605
