label,join_buffer_size_bytes,spill_ratio,spill_count,optimistic_count,optimism_level,duration_s
q4-2,2097152,0.0,0,0,0.0,207.652225253
q4-2,2097152,0.0,0,0,0.0,207.738254257
q4-2,2097152,0.0,0,0,0.25,208.646210719
q4-2,2097152,0.0,0,0,0.25,206.027610776
q4-2,2097152,0.0,0,0,0.5,206.786491549
q4-2,2097152,0.0,0,0,0.5,206.208043567
q4-2,2097152,0.0,0,0,0.75,210.006086181
q4-2,2097152,0.0,0,0,0.75,208.211301151
q4-2,2097152,1.0,1,1,1.0,196.540773068
q4-2,2097152,1.0,1,1,1.0,197.153393512
