label,join_buffer_size_bytes,spill_ratio,spill_count,optimistic_count,optimism_level,duration_s
q4-1,2097152,0.0,0,0,0.0,249.534393506
q4-1,2097152,0.0,0,0,0.0,251.882309768
q4-1,2097152,0.0,0,0,0.25,250.279107634
q4-1,2097152,0.0,0,0,0.25,251.375998964
q4-1,2097152,0.0,0,1,0.5,287.210795639
q4-1,2097152,0.0,0,1,0.5,296.749981327
q4-1,2097152,0.0,0,1,0.75,291.556521256
q4-1,2097152,0.0,0,1,0.75,288.812674003
q4-1,2097152,0.0,0,1,1.0,287.739044544
q4-1,2097152,0.0,0,1,1.0,290.418793812
