label,join_buffer_size_bytes,spill_ratio,spill_count,optimistic_count,optimism_level,duration_s
q4-3,2097152,0.0,0,0,0.0,216.3562835
q4-3,2097152,0.0,0,0,0.0,218.158377099
q4-3,2097152,0.0,0,0,0.25,216.432144573
q4-3,2097152,0.0,0,0,0.25,214.546924271
q4-3,2097152,0.0,0,0,0.5,217.38754432
q4-3,2097152,0.0,0,0,0.5,215.225448551
q4-3,2097152,0.0,0,0,0.75,215.874970931
q4-3,2097152,0.0,0,0,0.75,215.677450037
q4-3,2097152,1.0,1,1,1.0,217.910642062
q4-3,2097152,1.0,1,1,1.0,215.087985157
