label,join_buffer_size_bytes,spill_ratio,spill_count,optimistic_count,optimism_level,duration_s
q4-3,4194304,0.0,0,0,0.0,174.087741162
q4-3,4194304,0.0,0,0,0.0,173.649895191
q4-3,4194304,0.0,0,0,0.25,175.87742654
q4-3,4194304,0.0,0,0,0.25,176.643279192
q4-3,4194304,0.0,0,0,0.5,175.132101492
q4-3,4194304,0.0,0,0,0.5,176.048535024
q4-3,4194304,1.0,1,1,0.75,173.69374757
q4-3,4194304,1.0,1,1,0.75,173.590458872
q4-3,4194304,1.0,1,1,1.0,174.055718362
q4-3,4194304,1.0,1,1,1.0,175.021625009
