label,join_buffer_size_bytes,spill_ratio,spill_count,optimistic_count,optimism_level,duration_s
q4-2,786432,0.0,0,0,0.0,249.38974958
q4-2,786432,0.0,0,0,0.0,247.196482969
q4-2,786432,0.0,0,0,0.25,249.123405359
q4-2,786432,0.0,0,0,0.25,247.075900901
q4-2,786432,0.0,0,0,0.5,246.837002896
q4-2,786432,0.0,0,0,0.5,248.099211704
q4-2,786432,0.0,0,0,0.75,248.906600089
q4-2,786432,0.0,0,0,0.75,249.772990521
q4-2,786432,1.0,1,1,1.0,236.648650592
q4-2,786432,1.0,1,1,1.0,241.889955281
