label,join_buffer_size_bytes,spill_ratio,spill_count,optimistic_count,optimism_level,duration_s
q4-1,786432,0.0,0,0,0.0,257.828798996
q4-1,786432,0.0,0,0,0.0,256.933638568
q4-1,786432,0.0,0,0,0.25,257.10419976
q4-1,786432,0.0,0,0,0.25,257.563040095
q4-1,786432,1.0,1,1,0.5,290.196996284
q4-1,786432,1.0,1,1,0.5,294.790298219
q4-1,786432,1.0,1,1,0.75,296.257990216
q4-1,786432,1.0,1,1,0.75,300.250948498
q4-1,786432,1.0,1,1,1.0,302.625157986
q4-1,786432,1.0,1,1,1.0,304.100113257
