label,join_buffer_size_bytes,spill_ratio,spill_count,optimistic_count,optimism_level,duration_s
query50,2097152,0.0,0,0,0.0,0.045861486
query50,2097152,0.0,0,0,0.0,0.046292796
query50,2097152,0.0,0,0,0.0,0.046116797
query50,2097152,0.0,0,0,0.0,0.045859967
query50,2097152,0.0,0,0,0.0,0.045905943
query50,2097152,0.0,0,0,0.0,0.047162377
query50,2097152,0.0,0,0,0.0,0.045986571
query50,2097152,0.0,0,0,0.0,0.045788518
query50,2097152,0.0,0,0,0.0,0.045918331
query50,2097152,0.0,0,0,0.0,0.047306372
query50,2097152,0.0,0,0,0.0,0.04610664
query50,2097152,0.0,0,0,0.0,0.04606689
query50,2097152,0.0,0,0,0.0,0.046721229
query50,2097152,0.0,0,0,0.0,0.046063242
query50,2097152,0.0,0,0,0.0,0.047339268
