label,join_buffer_size_bytes,spill_ratio,spill_count,optimistic_count,optimism_level,duration_s
query95,2097152,0.0,0,0,0.0,0.045922128
query95,2097152,0.0,0,0,0.0,0.045828082
query95,2097152,0.0,0,0,0.0,0.045554626
query95,2097152,0.0,0,0,0.0,0.046638369
query95,2097152,0.0,0,0,0.0,0.045771622
query95,2097152,0.0,0,0,0.0,0.046191621
query95,2097152,0.0,0,0,0.0,0.046176547
query95,2097152,0.0,0,0,0.0,0.047114536
query95,2097152,0.0,0,0,0.0,0.047587039
query95,2097152,0.0,0,0,0.0,0.047356953
query95,2097152,0.0,0,0,0.0,0.046340492
query95,2097152,0.0,0,0,0.0,0.047117359
query95,2097152,0.0,0,0,0.0,0.046116732
query95,2097152,0.0,0,0,0.0,0.04553878
query95,2097152,0.0,0,0,0.0,0.04522077
