label,join_buffer_size_bytes,spill_ratio,spill_count,optimistic_count,optimism_level,duration_s
query40,2097152,0.0,0,0,0.0,0.045921605
query40,2097152,0.0,0,0,0.0,0.045714096
query40,2097152,0.0,0,0,0.0,0.04526574
query40,2097152,0.0,0,0,0.0,0.04629834
query40,2097152,0.0,0,0,0.0,0.04496079
query40,2097152,0.0,0,0,0.0,0.045454946
query40,2097152,0.0,0,0,0.0,0.046180451
query40,2097152,0.0,0,0,0.0,0.046204757
query40,2097152,0.0,0,0,0.0,0.044847504
query40,2097152,0.0,0,0,0.0,0.044857759
query40,2097152,0.0,0,0,0.0,0.046535896
query40,2097152,0.0,0,0,0.0,0.045111562
query40,2097152,0.0,0,0,0.0,0.045519448
query40,2097152,0.0,0,0,0.0,0.044654603
query40,2097152,0.0,0,0,0.0,0.044999624
