label,join_buffer_size_bytes,spill_ratio,spill_count,optimistic_count,optimism_level,duration_s
query36,2097152,0.0,0,0,0.0,0.046069454
query36,2097152,0.0,0,0,0.0,0.046219042
query36,2097152,0.0,0,0,0.0,0.045393892
query36,2097152,0.0,0,0,0.0,0.044988781
query36,2097152,0.0,0,0,0.0,0.045342156
query36,2097152,0.0,0,0,0.0,0.044962675
query36,2097152,0.0,0,0,0.0,0.045655006
query36,2097152,0.0,0,0,0.0,0.045070369
query36,2097152,0.0,0,0,0.0,0.045457456
query36,2097152,0.0,0,0,0.0,0.045452371
query36,2097152,0.0,0,0,0.0,0.046869445
query36,2097152,0.0,0,0,0.0,0.046569827
query36,2097152,0.0,0,0,0.0,0.044939993
query36,2097152,0.0,0,0,0.0,0.045816033
query36,2097152,0.0,0,0,0.0,0.045723476
