label,join_buffer_size_bytes,spill_ratio,spill_count,optimistic_count,optimism_level,duration_s
query69,2097152,0.0,0,0,0.0,0.046194093
query69,2097152,0.0,0,0,0.0,0.045927828
query69,2097152,0.0,0,0,0.0,0.045742515
query69,2097152,0.0,0,0,0.0,0.046599621
query69,2097152,0.0,0,0,0.0,0.046287839
query69,2097152,0.0,0,0,0.0,0.046987713
query69,2097152,0.0,0,0,0.0,0.0461256
query69,2097152,0.0,0,0,0.0,0.046531507
query69,2097152,0.0,0,0,0.0,0.045993071
query69,2097152,0.0,0,0,0.0,0.045677722
query69,2097152,0.0,0,0,0.0,0.046521259
query69,2097152,0.0,0,0,0.0,0.047787481
query69,2097152,0.0,0,0,0.0,0.047037861
query69,2097152,0.0,0,0,0.0,0.047149893
query69,2097152,0.0,0,0,0.0,0.04645225
