label,join_buffer_size_bytes,spill_ratio,spill_count,optimistic_count,optimism_level,duration_s
query42,2097152,0.0,0,0,0.0,0.045388788
query42,2097152,0.0,0,0,0.0,0.045993783
query42,2097152,0.0,0,0,0.0,0.045088527
query42,2097152,0.0,0,0,0.0,0.046170052
query42,2097152,0.0,0,0,0.0,0.045993098
query42,2097152,0.0,0,0,0.0,0.046262922
query42,2097152,0.0,0,0,0.0,0.045140273
query42,2097152,0.0,0,0,0.0,0.045197038
query42,2097152,0.0,0,0,0.0,0.044995892
query42,2097152,0.0,0,0,0.0,0.046342096
query42,2097152,0.0,0,0,0.0,0.04548032
query42,2097152,0.0,0,0,0.0,0.046102393
query42,2097152,0.0,0,0,0.0,0.045041135
query42,2097152,0.0,0,0,0.0,0.044935644
query42,2097152,0.0,0,0,0.0,0.045980344
