label,join_buffer_size_bytes,spill_ratio,spill_count,optimistic_count,optimism_level,duration_s
query39,2097152,0.0,0,0,0.0,0.054934143
query39,2097152,0.0,0,0,0.0,0.046677603
query39,2097152,0.0,0,0,0.0,0.047393166
query39,2097152,0.0,0,0,0.0,0.047152432
query39,2097152,0.0,0,0,0.0,0.048743011
query39,2097152,0.0,0,0,0.0,0.04796402
query39,2097152,0.0,0,0,0.0,0.047400128
query39,2097152,0.0,0,0,0.0,0.048656282
query39,2097152,0.0,0,0,0.0,0.047669605
query39,2097152,0.0,0,0,0.0,0.046676339
query39,2097152,0.0,0,0,0.0,0.047467777
query39,2097152,0.0,0,0,0.0,0.046697141
query39,2097152,0.0,0,0,0.0,0.045980741
query39,2097152,0.0,0,0,0.0,0.047874679
query39,2097152,0.0,0,0,0.0,0.04763732
