label,join_buffer_size_bytes,spill_ratio,spill_count,optimistic_count,optimism_level,duration_s
query27,2097152,0.0,0,0,0.0,0.045366607
query27,2097152,0.0,0,0,0.0,0.04674743
query27,2097152,0.0,0,0,0.0,0.045396616
query27,2097152,0.0,0,0,0.0,0.045143629
query27,2097152,0.0,0,0,0.0,0.047669567
query27,2097152,0.0,0,0,0.0,0.045819496
query27,2097152,0.0,0,0,0.0,0.04545753
query27,2097152,0.0,0,0,0.0,0.044801844
query27,2097152,0.0,0,0,0.0,0.045390455
query27,2097152,0.0,0,0,0.0,0.045329015
query27,2097152,0.0,0,0,0.0,0.045475915
query27,2097152,0.0,0,0,0.0,0.046494503
query27,2097152,0.0,0,0,0.0,0.045038876
query27,2097152,0.0,0,0,0.0,0.047322577
query27,2097152,0.0,0,0,0.0,0.045516019
