label,join_buffer_size_bytes,spill_ratio,spill_count,optimistic_count,optimism_level,duration_s
query37,2097152,0.0,0,0,0.0,0.046141705
query37,2097152,0.0,0,0,0.0,0.046589456
query37,2097152,0.0,0,0,0.0,0.045951479
query37,2097152,0.0,0,0,0.0,0.045143015
query37,2097152,0.0,0,0,0.0,0.045233906
query37,2097152,0.0,0,0,0.0,0.046249782
query37,2097152,0.0,0,0,0.0,0.044958655
query37,2097152,0.0,0,0,0.0,0.045308795
query37,2097152,0.0,0,0,0.0,0.044762892
query37,2097152,0.0,0,0,0.0,0.045259502
query37,2097152,0.0,0,0,0.0,0.045419624
query37,2097152,0.0,0,0,0.0,0.045678714
query37,2097152,0.0,0,0,0.0,0.045325243
query37,2097152,0.0,0,0,0.0,0.04512883
query37,2097152,0.0,0,0,0.0,0.046326996
