label,join_buffer_size_bytes,spill_ratio,spill_count,optimistic_count,optimism_level,duration_s
query43,2097152,0.0,0,0,0.0,0.04622615
query43,2097152,0.0,0,0,0.0,0.045976153
query43,2097152,0.0,0,0,0.0,0.04572192
query43,2097152,0.0,0,0,0.0,0.045220436
query43,2097152,0.0,0,0,0.0,0.045210574
query43,2097152,0.0,0,0,0.0,0.047857835
query43,2097152,0.0,0,0,0.0,0.045502436
query43,2097152,0.0,0,0,0.0,0.0455937
query43,2097152,0.0,0,0,0.0,0.045133789
query43,2097152,0.0,0,0,0.0,0.046078247
query43,2097152,0.0,0,0,0.0,0.045696338
query43,2097152,0.0,0,0,0.0,0.04569722
query43,2097152,0.0,0,0,0.0,0.045110129
query43,2097152,0.0,0,0,0.0,0.046369763
query43,2097152,0.0,0,0,0.0,0.04579977
