label,join_buffer_size_bytes,spill_ratio,spill_count,optimistic_count,optimism_level,duration_s
query94,2097152,0.0,0,0,0.0,0.045760627
query94,2097152,0.0,0,0,0.0,0.046376954
query94,2097152,0.0,0,0,0.0,0.045438766
query94,2097152,0.0,0,0,0.0,0.045603859
query94,2097152,0.0,0,0,0.0,0.045311877
query94,2097152,0.0,0,0,0.0,0.04471129
query94,2097152,0.0,0,0,0.0,0.045630429
query94,2097152,0.0,0,0,0.0,0.045726273
query94,2097152,0.0,0,0,0.0,0.044742901
query94,2097152,0.0,0,0,0.0,0.044956683
query94,2097152,0.0,0,0,0.0,0.044931874
query94,2097152,0.0,0,0,0.0,0.04498382
query94,2097152,0.0,0,0,0.0,0.04561414
query94,2097152,0.0,0,0,0.0,0.045433491
query94,2097152,0.0,0,0,0.0,0.04460307
