label,join_buffer_size_bytes,spill_ratio,spill_count,optimistic_count,optimism_level,duration_s
query63,2097152,0.0,0,0,0.0,0.045221777
query63,2097152,0.0,0,0,0.0,0.04510922
query63,2097152,0.0,0,0,0.0,0.046437502
query63,2097152,0.0,0,0,0.0,0.045108626
query63,2097152,0.0,0,0,0.0,0.047788264
query63,2097152,0.0,0,0,0.0,0.04681184
query63,2097152,0.0,0,0,0.0,0.045226451
query63,2097152,0.0,0,0,0.0,0.046956744
query63,2097152,0.0,0,0,0.0,0.045602366
query63,2097152,0.0,0,0,0.0,0.046475159
query63,2097152,0.0,0,0,0.0,0.045591045
query63,2097152,0.0,0,0,0.0,0.046425559
query63,2097152,0.0,0,0,0.0,0.044995051
query63,2097152,0.0,0,0,0.0,0.046540346
query63,2097152,0.0,0,0,0.0,0.045813768
