label,join_buffer_size_bytes,spill_ratio,spill_count,optimistic_count,optimism_level,duration_s
query66,2097152,0.0,0,0,0.0,0.046897353
query66,2097152,0.0,0,0,0.0,0.046970708
query66,2097152,0.0,0,0,0.0,0.04631941
query66,2097152,0.0,0,0,0.0,0.046350928
query66,2097152,0.0,0,0,0.0,0.046593413
query66,2097152,0.0,0,0,0.0,0.046450425
query66,2097152,0.0,0,0,0.0,0.046356713
query66,2097152,0.0,0,0,0.0,0.046691395
query66,2097152,0.0,0,0,0.0,0.047590348
query66,2097152,0.0,0,0,0.0,0.046422013
query66,2097152,0.0,0,0,0.0,0.047327093
query66,2097152,0.0,0,0,0.0,0.047412752
query66,2097152,0.0,0,0,0.0,0.047822425
query66,2097152,0.0,0,0,0.0,0.048144468
query66,2097152,0.0,0,0,0.0,0.047582304
