label,join_buffer_size_bytes,spill_ratio,spill_count,optimistic_count,optimism_level,duration_s
query41,2097152,0.0,0,0,0.0,0.047391395
query41,2097152,0.0,0,0,0.0,0.046773122
query41,2097152,0.0,0,0,0.0,0.046514833
query41,2097152,0.0,0,0,0.0,0.046962041
query41,2097152,0.0,0,0,0.0,0.046513629
query41,2097152,0.0,0,0,0.0,0.047269319
query41,2097152,0.0,0,0,0.0,0.046088045
query41,2097152,0.0,0,0,0.0,0.047417898
query41,2097152,0.0,0,0,0.0,0.047385575
query41,2097152,0.0,0,0,0.0,0.045667702
query41,2097152,0.0,0,0,0.0,0.046276387
query41,2097152,0.0,0,0,0.0,0.046538138
query41,2097152,0.0,0,0,0.0,0.046694112
query41,2097152,0.0,0,0,0.0,0.047148979
query41,2097152,0.0,0,0,0.0,0.045855827
