label,join_buffer_size_bytes,spill_ratio,spill_count,optimistic_count,optimism_level,duration_s
query64,2097152,0.0,0,0,0.0,0.368070754
query64,2097152,0.0,0,0,0.0,0.381843811
query64,2097152,0.0,0,0,0.0,0.380094976
query64,2097152,0.0,0,0,0.0,0.380234718
query64,2097152,0.0,0,0,0.0,0.363329746
query64,2097152,0.0,0,0,0.0,0.387887251
query64,2097152,0.0,0,0,0.0,0.371419181
query64,2097152,0.0,0,0,0.0,0.362049532
query64,2097152,0.0,0,0,0.0,0.370986158
query64,2097152,0.0,0,0,0.0,0.360180263
query64,2097152,0.0,0,0,0.0,0.376604715
query64,2097152,0.0,0,0,0.0,0.379153902
query64,2097152,0.0,0,0,0.0,0.355785498
query64,2097152,0.0,0,0,0.0,0.377851807
query64,2097152,0.0,0,0,0.0,0.348709903
