label,join_buffer_size_bytes,spill_ratio,spill_count,optimistic_count,optimism_level,duration_s
query55,2097152,0.0,0,0,0.0,0.046202454
query55,2097152,0.0,0,0,0.0,0.04593508
query55,2097152,0.0,0,0,0.0,0.046061487
query55,2097152,0.0,0,0,0.0,0.044902749
query55,2097152,0.0,0,0,0.0,0.045765025
query55,2097152,0.0,0,0,0.0,0.04504459
query55,2097152,0.0,0,0,0.0,0.045104826
query55,2097152,0.0,0,0,0.0,0.045895344
query55,2097152,0.0,0,0,0.0,0.045523491
query55,2097152,0.0,0,0,0.0,0.045029663
query55,2097152,0.0,0,0,0.0,0.044971584
query55,2097152,0.0,0,0,0.0,0.044634006
query55,2097152,0.0,0,0,0.0,0.046144082
query55,2097152,0.0,0,0,0.0,0.04525864
query55,2097152,0.0,0,0,0.0,0.045328032
