label,join_buffer_size_bytes,spill_ratio,spill_count,optimistic_count,optimism_level,duration_s
query98,2097152,0.0,0,0,0.0,0.045870367
query98,2097152,0.0,0,0,0.0,0.045224949
query98,2097152,0.0,0,0,0.0,0.044691777
query98,2097152,0.0,0,0,0.0,0.051345927
query98,2097152,0.0,0,0,0.0,0.044779541
query98,2097152,0.0,0,0,0.0,0.044885972
query98,2097152,0.0,0,0,0.0,0.045153287
query98,2097152,0.0,0,0,0.0,0.04632682
query98,2097152,0.0,0,0,0.0,0.045075841
query98,2097152,0.0,0,0,0.0,0.045190219
query98,2097152,0.0,0,0,0.0,0.045532716
query98,2097152,0.0,0,0,0.0,0.045042549
query98,2097152,0.0,0,0,0.0,0.045024729
query98,2097152,0.0,0,0,0.0,0.045690609
query98,2097152,0.0,0,0,0.0,0.045690899
