label,join_buffer_size_bytes,spill_ratio,spill_count,optimistic_count,optimism_level,duration_s
query48,2097152,0.0,0,0,0.0,0.044820167
query48,2097152,0.0,0,0,0.0,0.045365795
query48,2097152,0.0,0,0,0.0,0.04528396
query48,2097152,0.0,0,0,0.0,0.044959842
query48,2097152,0.0,0,0,0.0,0.045022411
query48,2097152,0.0,0,0,0.0,0.04542229
query48,2097152,0.0,0,0,0.0,0.045347421
query48,2097152,0.0,0,0,0.0,0.045018362
query48,2097152,0.0,0,0,0.0,0.044900549
query48,2097152,0.0,0,0,0.0,0.044814935
query48,2097152,0.0,0,0,0.0,0.044443953
query48,2097152,0.0,0,0,0.0,0.047056399
query48,2097152,0.0,0,0,0.0,0.046335707
query48,2097152,0.0,0,0,0.0,0.045335272
query48,2097152,0.0,0,0,0.0,0.044652901
