label,join_buffer_size_bytes,spill_ratio,spill_count,optimistic_count,optimism_level,duration_s
query7,2097152,0.0,0,0,0.0,0.047113552
query7,2097152,0.0,0,0,0.0,0.045303567
query7,2097152,0.0,0,0,0.0,0.044551779
query7,2097152,0.0,0,0,0.0,0.047192622
query7,2097152,0.0,0,0,0.0,0.053694539
query7,2097152,0.0,0,0,0.0,0.047955879
query7,2097152,0.0,0,0,0.0,0.046947148
query7,2097152,0.0,0,0,0.0,0.046678978
query7,2097152,0.0,0,0,0.0,0.04602145
query7,2097152,0.0,0,0,0.0,0.045339778
query7,2097152,0.0,0,0,0.0,0.045081544
query7,2097152,0.0,0,0,0.0,0.045036422
query7,2097152,0.0,0,0,0.0,0.045117491
query7,2097152,0.0,0,0,0.0,0.045993146
query7,2097152,0.0,0,0,0.0,0.045815279
