label,join_buffer_size_bytes,spill_ratio,spill_count,optimistic_count,optimism_level,duration_s
query61,2097152,0.0,0,0,0.0,0.045043836
query61,2097152,0.0,0,0,0.0,0.045966265
query61,2097152,0.0,0,0,0.0,0.045962158
query61,2097152,0.0,0,0,0.0,0.046159757
query61,2097152,0.0,0,0,0.0,0.045368789
query61,2097152,0.0,0,0,0.0,0.047867232
query61,2097152,0.0,0,0,0.0,0.04590965
query61,2097152,0.0,0,0,0.0,0.046672982
query61,2097152,0.0,0,0,0.0,0.045475348
query61,2097152,0.0,0,0,0.0,0.046401123
query61,2097152,0.0,0,0,0.0,0.045954108
query61,2097152,0.0,0,0,0.0,0.047030245
query61,2097152,0.0,0,0,0.0,0.04637562
query61,2097152,0.0,0,0,0.0,0.045398113
query61,2097152,0.0,0,0,0.0,0.047902665
