label,join_buffer_size_bytes,spill_ratio,spill_count,optimistic_count,optimism_level,duration_s
query34,2097152,0.0,0,0,0.0,0.048750507
query34,2097152,0.0,0,0,0.0,0.046306693
query34,2097152,0.0,0,0,0.0,0.047095953
query34,2097152,0.0,0,0,0.0,0.046118751
query34,2097152,0.0,0,0,0.0,0.045232586
query34,2097152,0.0,0,0,0.0,0.046717827
query34,2097152,0.0,0,0,0.0,0.046350421
query34,2097152,0.0,0,0,0.0,0.045205055
query34,2097152,0.0,0,0,0.0,0.045759197
query34,2097152,0.0,0,0,0.0,0.045385091
query34,2097152,0.0,0,0,0.0,0.044980593
query34,2097152,0.0,0,0,0.0,0.046021747
query34,2097152,0.0,0,0,0.0,0.054051468
query34,2097152,0.0,0,0,0.0,0.046140715
query34,2097152,0.0,0,0,0.0,0.045308045
