label,join_buffer_size_bytes,spill_ratio,spill_count,optimistic_count,optimism_level,duration_s
query76,2097152,0.0,0,0,0.0,0.047513606
query76,2097152,0.0,0,0,0.0,0.047542301
query76,2097152,0.0,0,0,0.0,0.048132647
query76,2097152,0.0,0,0,0.0,0.048874943
query76,2097152,0.0,0,0,0.0,0.047439793
query76,2097152,0.0,0,0,0.0,0.048170238
query76,2097152,0.0,0,0,0.0,0.047180594
query76,2097152,0.0,0,0,0.0,0.048821438
query76,2097152,0.0,0,0,0.0,0.048805117
query76,2097152,0.0,0,0,0.0,0.047339036
query76,2097152,0.0,0,0,0.0,0.048080299
query76,2097152,0.0,0,0,0.0,0.04744702
query76,2097152,0.0,0,0,0.0,0.04764701
query76,2097152,0.0,0,0,0.0,0.048141086
query76,2097152,0.0,0,0,0.0,0.047405092
