label,join_buffer_size_bytes,spill_ratio,spill_count,optimistic_count,optimism_level,duration_s
query74,2097152,0.0,0,0,0.0,0.054875787
query74,2097152,0.0,0,0,0.0,0.054743169
query74,2097152,0.0,0,0,0.0,0.054974587
query74,2097152,0.0,0,0,0.0,0.054347924
query74,2097152,0.0,0,0,0.0,0.055609794
query74,2097152,0.0,0,0,0.0,0.055858753
query74,2097152,0.0,0,0,0.0,0.055204991
query74,2097152,0.0,0,0,0.0,0.054771905
query74,2097152,0.0,0,0,0.0,0.054899221
query74,2097152,0.0,0,0,0.0,0.056138048
query74,2097152,0.0,0,0,0.0,0.054649148
query74,2097152,0.0,0,0,0.0,0.055807688
query74,2097152,0.0,0,0,0.0,0.054623941
query74,2097152,0.0,0,0,0.0,0.055969367
query74,2097152,0.0,0,0,0.0,0.054005954
