label,join_buffer_size_bytes,spill_ratio,spill_count,optimistic_count,optimism_level,duration_s
query46,2097152,0.0,0,0,0.0,0.047975922
query46,2097152,0.0,0,0,0.0,0.047701966
query46,2097152,0.0,0,0,0.0,0.049310846
query46,2097152,0.0,0,0,0.0,0.04773839
query46,2097152,0.0,0,0,0.0,0.04807664
query46,2097152,0.0,0,0,0.0,0.047965477
query46,2097152,0.0,0,0,0.0,0.047408336
query46,2097152,0.0,0,0,0.0,0.048313746
query46,2097152,0.0,0,0,0.0,0.047918699
query46,2097152,0.0,0,0,0.0,0.047575965
query46,2097152,0.0,0,0,0.0,0.047896169
query46,2097152,0.0,0,0,0.0,0.047801296
query46,2097152,0.0,0,0,0.0,0.0491886
query46,2097152,0.0,0,0,0.0,0.048059434
query46,2097152,0.0,0,0,0.0,0.054827568
