label,join_buffer_size_bytes,spill_ratio,spill_count,optimistic_count,optimism_level,duration_s
query19,2097152,0.0,0,0,0.0,0.046540585
query19,2097152,0.0,0,0,0.0,0.046360183
query19,2097152,0.0,0,0,0.0,0.04658263
query19,2097152,0.0,0,0,0.0,0.046862199
query19,2097152,0.0,0,0,0.0,0.045065879
query19,2097152,0.0,0,0,0.0,0.045997759
query19,2097152,0.0,0,0,0.0,0.046653749
query19,2097152,0.0,0,0,0.0,0.045242955
query19,2097152,0.0,0,0,0.0,0.046277388
query19,2097152,0.0,0,0,0.0,0.046669255
query19,2097152,0.0,0,0,0.0,0.045481568
query19,2097152,0.0,0,0,0.0,0.044665439
query19,2097152,0.0,0,0,0.0,0.046364031
query19,2097152,0.0,0,0,0.0,0.045444416
query19,2097152,0.0,0,0,0.0,0.045708594
