label,join_buffer_size_bytes,spill_ratio,spill_count,optimistic_count,optimism_level,duration_s
query24,2097152,0.0,0,0,0.0,0.047388608
query24,2097152,0.0,0,0,0.0,0.048398186
query24,2097152,0.0,0,0,0.0,0.046609268
query24,2097152,0.0,0,0,0.0,0.048053533
query24,2097152,0.0,0,0,0.0,0.047303567
query24,2097152,0.0,0,0,0.0,0.046744674
query24,2097152,0.0,0,0,0.0,0.047714362
query24,2097152,0.0,0,0,0.0,0.04726225
query24,2097152,0.0,0,0,0.0,0.046496294
query24,2097152,0.0,0,0,0.0,0.047499844
query24,2097152,0.0,0,0,0.0,0.047555458
query24,2097152,0.0,0,0,0.0,0.047945903
query24,2097152,0.0,0,0,0.0,0.047802472
query24,2097152,0.0,0,0,0.0,0.047303465
query24,2097152,0.0,0,0,0.0,0.046929944
