label,join_buffer_size_bytes,spill_ratio,spill_count,optimistic_count,optimism_level,duration_s
query67,2097152,0.0,0,0,0.0,0.046479791
query67,2097152,0.0,0,0,0.0,0.046493903
query67,2097152,0.0,0,0,0.0,0.046388306
query67,2097152,0.0,0,0,0.0,0.045071531
query67,2097152,0.0,0,0,0.0,0.045430292
query67,2097152,0.0,0,0,0.0,0.045711168
query67,2097152,0.0,0,0,0.0,0.046604709
query67,2097152,0.0,0,0,0.0,0.045240699
query67,2097152,0.0,0,0,0.0,0.046633665
query67,2097152,0.0,0,0,0.0,0.045549322
query67,2097152,0.0,0,0,0.0,0.046630698
query67,2097152,0.0,0,0,0.0,0.044910219
query67,2097152,0.0,0,0,0.0,0.045986074
query67,2097152,0.0,0,0,0.0,0.046975196
query67,2097152,0.0,0,0,0.0,0.045250539
