label,join_buffer_size_bytes,spill_ratio,spill_count,optimistic_count,optimism_level,duration_s
query2,2097152,0.0,0,0,0.0,0.045970802
query2,2097152,0.0,0,0,0.0,0.045802238
query2,2097152,0.0,0,0,0.0,0.04650066
query2,2097152,0.0,0,0,0.0,0.04769727
query2,2097152,0.0,0,0,0.0,0.046748227
query2,2097152,0.0,0,0,0.0,0.046094506
query2,2097152,0.0,0,0,0.0,0.045948492
query2,2097152,0.0,0,0,0.0,0.046475329
query2,2097152,0.0,0,0,0.0,0.045289947
query2,2097152,0.0,0,0,0.0,0.044895108
query2,2097152,0.0,0,0,0.0,0.046737783
query2,2097152,0.0,0,0,0.0,0.045724774
query2,2097152,0.0,0,0,0.0,0.045342475
query2,2097152,0.0,0,0,0.0,0.045187256
query2,2097152,0.0,0,0,0.0,0.046809427
