label,join_buffer_size_bytes,spill_ratio,spill_count,optimistic_count,optimism_level,duration_s
query81,2097152,0.0,0,0,0.0,0.058252508
query81,2097152,0.0,0,0,0.0,0.058555085
query81,2097152,0.0,0,0,0.0,0.064821833
query81,2097152,0.0,0,0,0.0,0.058274837
query81,2097152,0.0,0,0,0.0,0.057355642
query81,2097152,0.0,0,0,0.0,0.058233576
query81,2097152,0.0,0,0,0.0,0.057463077
query81,2097152,0.0,0,0,0.0,0.058161422
query81,2097152,0.0,0,0,0.0,0.057918785
query81,2097152,0.0,0,0,0.0,0.059086329
query81,2097152,0.0,0,0,0.0,0.057680701
query81,2097152,0.0,0,0,0.0,0.059311044
query81,2097152,0.0,0,0,0.0,0.058125663
query81,2097152,0.0,0,0,0.0,0.059425254
query81,2097152,0.0,0,0,0.0,0.059365432
