label,join_buffer_size_bytes,spill_ratio,spill_count,optimistic_count,optimism_level,duration_s
query77,2097152,0.0,0,0,0.0,0.04669436
query77,2097152,0.0,0,0,0.0,0.047806689
query77,2097152,0.0,0,0,0.0,0.046488273
query77,2097152,0.0,0,0,0.0,0.046820305
query77,2097152,0.0,0,0,0.0,0.0471083
query77,2097152,0.0,0,0,0.0,0.047141428
query77,2097152,0.0,0,0,0.0,0.046664859
query77,2097152,0.0,0,0,0.0,0.046695959
query77,2097152,0.0,0,0,0.0,0.047150661
query77,2097152,0.0,0,0,0.0,0.046851432
query77,2097152,0.0,0,0,0.0,0.046128819
query77,2097152,0.0,0,0,0.0,0.04814026
query77,2097152,0.0,0,0,0.0,0.046478279
query77,2097152,0.0,0,0,0.0,0.0465422
query77,2097152,0.0,0,0,0.0,0.047687815
