label,join_buffer_size_bytes,spill_ratio,spill_count,optimistic_count,optimism_level,duration_s
query16,2097152,0.0,0,0,0.0,0.046199236
query16,2097152,0.0,0,0,0.0,0.046241545
query16,2097152,0.0,0,0,0.0,0.04608123
query16,2097152,0.0,0,0,0.0,0.045232071
query16,2097152,0.0,0,0,0.0,0.045197415
query16,2097152,0.0,0,0,0.0,0.044692915
query16,2097152,0.0,0,0,0.0,0.045494737
query16,2097152,0.0,0,0,0.0,0.045050539
query16,2097152,0.0,0,0,0.0,0.04584214
query16,2097152,0.0,0,0,0.0,0.045744229
query16,2097152,0.0,0,0,0.0,0.045515601
query16,2097152,0.0,0,0,0.0,0.046137852
query16,2097152,0.0,0,0,0.0,0.044619845
query16,2097152,0.0,0,0,0.0,0.046457653
query16,2097152,0.0,0,0,0.0,0.04616881
