label,join_buffer_size_bytes,spill_ratio,spill_count,optimistic_count,optimism_level,duration_s
query6,2097152,0.0,0,0,0.0,0.046130531
query6,2097152,0.0,0,0,0.0,0.046448021
query6,2097152,0.0,0,0,0.0,0.0454581
query6,2097152,0.0,0,0,0.0,0.04631259
query6,2097152,0.0,0,0,0.0,0.045740347
query6,2097152,0.0,0,0,0.0,0.04539914
query6,2097152,0.0,0,0,0.0,0.045155818
query6,2097152,0.0,0,0,0.0,0.046096361
query6,2097152,0.0,0,0,0.0,0.045375966
query6,2097152,0.0,0,0,0.0,0.045407881
query6,2097152,0.0,0,0,0.0,0.045170198
query6,2097152,0.0,0,0,0.0,0.046158177
query6,2097152,0.0,0,0,0.0,0.046587888
query6,2097152,0.0,0,0,0.0,0.046158989
query6,2097152,0.0,0,0,0.0,0.046750304
