label,join_buffer_size_bytes,spill_ratio,spill_count,optimistic_count,optimism_level,duration_s
query89,2097152,0.0,0,0,0.0,0.045871357
query89,2097152,0.0,0,0,0.0,0.046004121
query89,2097152,0.0,0,0,0.0,0.046844153
query89,2097152,0.0,0,0,0.0,0.045582256
query89,2097152,0.0,0,0,0.0,0.045040501
query89,2097152,0.0,0,0,0.0,0.046103071
query89,2097152,0.0,0,0,0.0,0.045820168
query89,2097152,0.0,0,0,0.0,0.045359332
query89,2097152,0.0,0,0,0.0,0.045255553
query89,2097152,0.0,0,0,0.0,0.045242205
query89,2097152,0.0,0,0,0.0,0.045828819
query89,2097152,0.0,0,0,0.0,0.044913105
query89,2097152,0.0,0,0,0.0,0.046057932
query89,2097152,0.0,0,0,0.0,0.046816317
query89,2097152,0.0,0,0,0.0,0.045438114
