label,join_buffer_size_bytes,spill_ratio,spill_count,optimistic_count,optimism_level,duration_s
query85,2097152,0.0,0,0,0.0,0.048637493
query85,2097152,0.0,0,0,0.0,0.045891838
query85,2097152,0.0,0,0,0.0,0.04711844
query85,2097152,0.0,0,0,0.0,0.046889003
query85,2097152,0.0,0,0,0.0,0.046801495
query85,2097152,0.0,0,0,0.0,0.045695413
query85,2097152,0.0,0,0,0.0,0.045582144
query85,2097152,0.0,0,0,0.0,0.047722786
query85,2097152,0.0,0,0,0.0,0.046848198
query85,2097152,0.0,0,0,0.0,0.045622522
query85,2097152,0.0,0,0,0.0,0.04526536
query85,2097152,0.0,0,0,0.0,0.047261143
query85,2097152,0.0,0,0,0.0,0.045893508
query85,2097152,0.0,0,0,0.0,0.045534989
query85,2097152,0.0,0,0,0.0,0.045827543
