label,join_buffer_size_bytes,spill_ratio,spill_count,optimistic_count,optimism_level,duration_s
query62,2097152,0.0,0,0,0.0,0.04611128
query62,2097152,0.0,0,0,0.0,0.045377186
query62,2097152,0.0,0,0,0.0,0.046348757
query62,2097152,0.0,0,0,0.0,0.045748534
query62,2097152,0.0,0,0,0.0,0.045042216
query62,2097152,0.0,0,0,0.0,0.046737637
query62,2097152,0.0,0,0,0.0,0.045117302
query62,2097152,0.0,0,0,0.0,0.045870956
query62,2097152,0.0,0,0,0.0,0.045854603
query62,2097152,0.0,0,0,0.0,0.045061488
query62,2097152,0.0,0,0,0.0,0.044987744
query62,2097152,0.0,0,0,0.0,0.044873053
query62,2097152,0.0,0,0,0.0,0.046927103
query62,2097152,0.0,0,0,0.0,0.046267397
query62,2097152,0.0,0,0,0.0,0.045227278
