label,join_buffer_size_bytes,spill_ratio,spill_count,optimistic_count,optimism_level,duration_s
query26,2097152,0.0,0,0,0.0,0.046280309
query26,2097152,0.0,0,0,0.0,0.044875522
query26,2097152,0.0,0,0,0.0,0.046586849
query26,2097152,0.0,0,0,0.0,0.045997581
query26,2097152,0.0,0,0,0.0,0.04504964
query26,2097152,0.0,0,0,0.0,0.045957044
query26,2097152,0.0,0,0,0.0,0.045434883
query26,2097152,0.0,0,0,0.0,0.044971987
query26,2097152,0.0,0,0,0.0,0.045165144
query26,2097152,0.0,0,0,0.0,0.044850389
query26,2097152,0.0,0,0,0.0,0.045141131
query26,2097152,0.0,0,0,0.0,0.045778551
query26,2097152,0.0,0,0,0.0,0.045301128
query26,2097152,0.0,0,0,0.0,0.045572694
query26,2097152,0.0,0,0,0.0,0.044936715
