label,join_buffer_size_bytes,spill_ratio,spill_count,optimistic_count,optimism_level,duration_s
query12,2097152,0.0,0,0,0.0,0.044499474
query12,2097152,0.0,0,0,0.0,0.045363209
query12,2097152,0.0,0,0,0.0,0.045119885
query12,2097152,0.0,0,0,0.0,0.045975618
query12,2097152,0.0,0,0,0.0,0.044479441
query12,2097152,0.0,0,0,0.0,0.045407582
query12,2097152,0.0,0,0,0.0,0.046254449
query12,2097152,0.0,0,0,0.0,0.045943403
query12,2097152,0.0,0,0,0.0,0.044419768
query12,2097152,0.0,0,0,0.0,0.045557595
query12,2097152,0.0,0,0,0.0,0.044866385
query12,2097152,0.0,0,0,0.0,0.045601659
query12,2097152,0.0,0,0,0.0,0.046466403
query12,2097152,0.0,0,0,0.0,0.046959548
query12,2097152,0.0,0,0,0.0,0.045006749
