label,join_buffer_size_bytes,spill_ratio,spill_count,optimistic_count,optimism_level,duration_s
query68,2097152,0.0,0,0,0.0,0.044970647
query68,2097152,0.0,0,0,0.0,0.046969987
query68,2097152,0.0,0,0,0.0,0.045655623
query68,2097152,0.0,0,0,0.0,0.046409261
query68,2097152,0.0,0,0,0.0,0.046408015
query68,2097152,0.0,0,0,0.0,0.04585824
query68,2097152,0.0,0,0,0.0,0.045710701
query68,2097152,0.0,0,0,0.0,0.047870977
query68,2097152,0.0,0,0,0.0,0.046012762
query68,2097152,0.0,0,0,0.0,0.046796564
query68,2097152,0.0,0,0,0.0,0.045123406
query68,2097152,0.0,0,0,0.0,0.045504021
query68,2097152,0.0,0,0,0.0,0.045611683
query68,2097152,0.0,0,0,0.0,0.046085844
query68,2097152,0.0,0,0,0.0,0.048940267
