label,join_buffer_size_bytes,spill_ratio,spill_count,optimistic_count,optimism_level,duration_s
query54,2097152,0.0,0,0,0.0,0.045346628
query54,2097152,0.0,0,0,0.0,0.04727173
query54,2097152,0.0,0,0,0.0,0.045677645
query54,2097152,0.0,0,0,0.0,0.046845536
query54,2097152,0.0,0,0,0.0,0.045467345
query54,2097152,0.0,0,0,0.0,0.053284658
query54,2097152,0.0,0,0,0.0,0.047635612
query54,2097152,0.0,0,0,0.0,0.046219451
query54,2097152,0.0,0,0,0.0,0.04634969
query54,2097152,0.0,0,0,0.0,0.045608926
query54,2097152,0.0,0,0,0.0,0.045972319
query54,2097152,0.0,0,0,0.0,0.046059442
query54,2097152,0.0,0,0,0.0,0.045649428
query54,2097152,0.0,0,0,0.0,0.046655506
query54,2097152,0.0,0,0,0.0,0.046190275
