label,join_buffer_size_bytes,spill_ratio,spill_count,optimistic_count,optimism_level,duration_s
query71,2097152,0.0,0,0,0.0,0.046421232
query71,2097152,0.0,0,0,0.0,0.046818198
query71,2097152,0.0,0,0,0.0,0.046606505
query71,2097152,0.0,0,0,0.0,0.047099138
query71,2097152,0.0,0,0,0.0,0.046643808
query71,2097152,0.0,0,0,0.0,0.04762129
query71,2097152,0.0,0,0,0.0,0.045993062
query71,2097152,0.0,0,0,0.0,0.046147621
query71,2097152,0.0,0,0,0.0,0.04545563
query71,2097152,0.0,0,0,0.0,0.046653031
query71,2097152,0.0,0,0,0.0,0.046507784
query71,2097152,0.0,0,0,0.0,0.045760098
query71,2097152,0.0,0,0,0.0,0.045845632
query71,2097152,0.0,0,0,0.0,0.047813261
query71,2097152,0.0,0,0,0.0,0.047370664
