label,join_buffer_size_bytes,spill_ratio,spill_count,optimistic_count,optimism_level,duration_s
query33,2097152,0.0,0,0,0.0,0.049847883
query33,2097152,0.0,0,0,0.0,0.049222597
query33,2097152,0.0,0,0,0.0,0.048332928
query33,2097152,0.0,0,0,0.0,0.048469982
query33,2097152,0.0,0,0,0.0,0.04869466
query33,2097152,0.0,0,0,0.0,0.048790512
query33,2097152,0.0,0,0,0.0,0.048653046
query33,2097152,0.0,0,0,0.0,0.048487779
query33,2097152,0.0,0,0,0.0,0.0500989
query33,2097152,0.0,0,0,0.0,0.048721178
query33,2097152,0.0,0,0,0.0,0.048793155
query33,2097152,0.0,0,0,0.0,0.049086543
query33,2097152,0.0,0,0,0.0,0.049295802
query33,2097152,0.0,0,0,0.0,0.048887523
query33,2097152,0.0,0,0,0.0,0.049107832
