label,join_buffer_size_bytes,spill_ratio,spill_count,optimistic_count,optimism_level,duration_s
query9,2097152,0.0,0,0,0.0,3.357839392
query9,2097152,0.0,0,0,0.0,3.368514736
query9,2097152,0.0,0,0,0.0,3.335345597
query9,2097152,0.0,0,0,0.0,3.365737508
query9,2097152,0.0,0,0,0.0,3.328141057
query9,2097152,0.0,0,0,0.0,3.338156316
query9,2097152,0.0,0,0,0.0,3.343070265
query9,2097152,0.0,0,0,0.0,3.329071376
query9,2097152,0.0,0,0,0.0,3.315443005
query9,2097152,0.0,0,0,0.0,3.364069332
query9,2097152,0.0,0,0,0.0,3.35040833
query9,2097152,0.0,0,0,0.0,3.4039372119999998
query9,2097152,0.0,0,0,0.0,3.420690133
query9,2097152,0.0,0,0,0.0,3.444215645
query9,2097152,0.0,0,0,0.0,3.411185732
