label,join_buffer_size_bytes,spill_ratio,spill_count,optimistic_count,optimism_level,duration_s
query22,2097152,0.0,0,0,0.0,0.046630268
query22,2097152,0.0,0,0,0.0,0.045154214
query22,2097152,0.0,0,0,0.0,0.044588502
query22,2097152,0.0,0,0,0.0,0.045453782
query22,2097152,0.0,0,0,0.0,0.045392525
query22,2097152,0.0,0,0,0.0,0.045397973
query22,2097152,0.0,0,0,0.0,0.047900585
query22,2097152,0.0,0,0,0.0,0.04619249
query22,2097152,0.0,0,0,0.0,0.045256372
query22,2097152,0.0,0,0,0.0,0.045448894
query22,2097152,0.0,0,0,0.0,0.044646782
query22,2097152,0.0,0,0,0.0,0.045274081
query22,2097152,0.0,0,0,0.0,0.04593197
query22,2097152,0.0,0,0,0.0,0.045607294
query22,2097152,0.0,0,0,0.0,0.045144936
