label,join_buffer_size_bytes,spill_ratio,spill_count,optimistic_count,optimism_level,duration_s
query38,2097152,0.0,0,0,0.0,0.05504908
query38,2097152,0.0,0,0,0.0,0.054049232
query38,2097152,0.0,0,0,0.0,0.053111947
query38,2097152,0.0,0,0,0.0,0.052953441
query38,2097152,0.0,0,0,0.0,0.052872186
query38,2097152,0.0,0,0,0.0,0.05282138
query38,2097152,0.0,0,0,0.0,0.052979464
query38,2097152,0.0,0,0,0.0,0.052865915
query38,2097152,0.0,0,0,0.0,0.054610203
query38,2097152,0.0,0,0,0.0,0.05310055
query38,2097152,0.0,0,0,0.0,0.054494891
query38,2097152,0.0,0,0,0.0,0.054408641
query38,2097152,0.0,0,0,0.0,0.054842727
query38,2097152,0.0,0,0,0.0,0.052945907
query38,2097152,0.0,0,0,0.0,0.054145177
