label,join_buffer_size_bytes,spill_ratio,spill_count,optimistic_count,optimism_level,duration_s
query86,2097152,0.0,0,0,0.0,0.045105315
query86,2097152,0.0,0,0,0.0,0.044949227
query86,2097152,0.0,0,0,0.0,0.046191569
query86,2097152,0.0,0,0,0.0,0.046168433
query86,2097152,0.0,0,0,0.0,0.045169473
query86,2097152,0.0,0,0,0.0,0.045104624
query86,2097152,0.0,0,0,0.0,0.046259383
query86,2097152,0.0,0,0,0.0,0.044708434
query86,2097152,0.0,0,0,0.0,0.04512283
query86,2097152,0.0,0,0,0.0,0.044855714
query86,2097152,0.0,0,0,0.0,0.045534269
query86,2097152,0.0,0,0,0.0,0.04517671
query86,2097152,0.0,0,0,0.0,0.045946876
query86,2097152,0.0,0,0,0.0,0.046073674
query86,2097152,0.0,0,0,0.0,0.045776269
