label,join_buffer_size_bytes,spill_ratio,spill_count,optimistic_count,optimism_level,duration_s
query28,2097152,0.0,0,0,0.0,2.569523771
query28,2097152,0.0,0,0,0.0,2.579510835
query28,2097152,0.0,0,0,0.0,2.560174581
query28,2097152,0.0,0,0,0.0,2.579220605
query28,2097152,0.0,0,0,0.0,2.568494277
query28,2097152,0.0,0,0,0.0,2.582031064
query28,2097152,0.0,0,0,0.0,2.547413388
query28,2097152,0.0,0,0,0.0,2.56081285
query28,2097152,0.0,0,0,0.0,2.548625842
query28,2097152,0.0,0,0,0.0,2.5534890900000002
query28,2097152,0.0,0,0,0.0,2.566348513
query28,2097152,0.0,0,0,0.0,2.567226711
query28,2097152,0.0,0,0,0.0,2.5582766770000003
query28,2097152,0.0,0,0,0.0,2.561407363
query28,2097152,0.0,0,0,0.0,2.549760004
