label,join_buffer_size_bytes,spill_ratio,spill_count,optimistic_count,optimism_level,duration_s
query49,2097152,0.0,0,0,0.0,0.047089919
query49,2097152,0.0,0,0,0.0,0.045608353
query49,2097152,0.0,0,0,0.0,0.046275324
query49,2097152,0.0,0,0,0.0,0.045511887
query49,2097152,0.0,0,0,0.0,0.045304828
query49,2097152,0.0,0,0,0.0,0.04554075
query49,2097152,0.0,0,0,0.0,0.045316368
query49,2097152,0.0,0,0,0.0,0.045314134
query49,2097152,0.0,0,0,0.0,0.045373746
query49,2097152,0.0,0,0,0.0,0.045376006
query49,2097152,0.0,0,0,0.0,0.045539332
query49,2097152,0.0,0,0,0.0,0.045175023
query49,2097152,0.0,0,0,0.0,0.046739635
query49,2097152,0.0,0,0,0.0,0.051665156
query49,2097152,0.0,0,0,0.0,0.04540176
