label,join_buffer_size_bytes,spill_ratio,spill_count,optimistic_count,optimism_level,duration_s
query75,2097152,0.0,0,0,0.0,0.046913666
query75,2097152,0.0,0,0,0.0,0.0470845
query75,2097152,0.0,0,0,0.0,0.047114356
query75,2097152,0.0,0,0,0.0,0.047582357
query75,2097152,0.0,0,0,0.0,0.04721766
query75,2097152,0.0,0,0,0.0,0.046803858
query75,2097152,0.0,0,0,0.0,0.04774172
query75,2097152,0.0,0,0,0.0,0.046629391
query75,2097152,0.0,0,0,0.0,0.048495442
query75,2097152,0.0,0,0,0.0,0.046732824
query75,2097152,0.0,0,0,0.0,0.046381547
query75,2097152,0.0,0,0,0.0,0.047683974
query75,2097152,0.0,0,0,0.0,0.047542794
query75,2097152,0.0,0,0,0.0,0.049024561
query75,2097152,0.0,0,0,0.0,0.048586552
