label,join_buffer_size_bytes,spill_ratio,spill_count,optimistic_count,optimism_level,duration_s
query65,2097152,0.0,0,0,0.0,0.046540345
query65,2097152,0.0,0,0,0.0,0.046848259
query65,2097152,0.0,0,0,0.0,0.046512292
query65,2097152,0.0,0,0,0.0,0.046251455
query65,2097152,0.0,0,0,0.0,0.046776042
query65,2097152,0.0,0,0,0.0,0.046659595
query65,2097152,0.0,0,0,0.0,0.047587358
query65,2097152,0.0,0,0,0.0,0.047212772
query65,2097152,0.0,0,0,0.0,0.047295986
query65,2097152,0.0,0,0,0.0,0.046805664
query65,2097152,0.0,0,0,0.0,0.048317002
query65,2097152,0.0,0,0,0.0,0.046348784
query65,2097152,0.0,0,0,0.0,0.047528342
query65,2097152,0.0,0,0,0.0,0.047178233
query65,2097152,0.0,0,0,0.0,0.047068421
