label,join_buffer_size_bytes,spill_ratio,spill_count,optimistic_count,optimism_level,duration_s
query78,2097152,0.0,0,0,0.0,0.046783827
query78,2097152,0.0,0,0,0.0,0.046570915
query78,2097152,0.0,0,0,0.0,0.047172326
query78,2097152,0.0,0,0,0.0,0.047199503
query78,2097152,0.0,0,0,0.0,0.047543212
query78,2097152,0.0,0,0,0.0,0.048538647
query78,2097152,0.0,0,0,0.0,0.047043135
query78,2097152,0.0,0,0,0.0,0.046854392
query78,2097152,0.0,0,0,0.0,0.047434361
query78,2097152,0.0,0,0,0.0,0.046338005
query78,2097152,0.0,0,0,0.0,0.0474731
query78,2097152,0.0,0,0,0.0,0.047278372
query78,2097152,0.0,0,0,0.0,0.048921486
query78,2097152,0.0,0,0,0.0,0.047261544
query78,2097152,0.0,0,0,0.0,0.045448712
