label,join_buffer_size_bytes,spill_ratio,spill_count,optimistic_count,optimism_level,duration_s
query8,2097152,0.0,0,0,0.0,0.046583056
query8,2097152,0.0,0,0,0.0,0.046370564
query8,2097152,0.0,0,0,0.0,0.047027349
query8,2097152,0.0,0,0,0.0,0.045879731
query8,2097152,0.0,0,0,0.0,0.047015153
query8,2097152,0.0,0,0,0.0,0.045892631
query8,2097152,0.0,0,0,0.0,0.048098756
query8,2097152,0.0,0,0,0.0,0.045542542
query8,2097152,0.0,0,0,0.0,0.046210691
query8,2097152,0.0,0,0,0.0,0.046246458
query8,2097152,0.0,0,0,0.0,0.046329202
query8,2097152,0.0,0,0,0.0,0.045988516
query8,2097152,0.0,0,0,0.0,0.046883236
query8,2097152,0.0,0,0,0.0,0.046259653
query8,2097152,0.0,0,0,0.0,0.047248116
