label,join_buffer_size_bytes,spill_ratio,spill_count,optimistic_count,optimism_level,duration_s
query99,2097152,0.0,0,0,0.0,0.044971162
query99,2097152,0.0,0,0,0.0,0.046132808
query99,2097152,0.0,0,0,0.0,0.045442139
query99,2097152,0.0,0,0,0.0,0.04469018
query99,2097152,0.0,0,0,0.0,0.045600279
query99,2097152,0.0,0,0,0.0,0.04517622
query99,2097152,0.0,0,0,0.0,0.045201169
query99,2097152,0.0,0,0,0.0,0.04510082
query99,2097152,0.0,0,0,0.0,0.044829251
query99,2097152,0.0,0,0,0.0,0.045259208
query99,2097152,0.0,0,0,0.0,0.045476885
query99,2097152,0.0,0,0,0.0,0.045148301
query99,2097152,0.0,0,0,0.0,0.046336492
query99,2097152,0.0,0,0,0.0,0.044762089
query99,2097152,0.0,0,0,0.0,0.046665951
