label,join_buffer_size_bytes,spill_ratio,spill_count,optimistic_count,optimism_level,duration_s
query70,2097152,0.0,0,0,0.0,0.045464473
query70,2097152,0.0,0,0,0.0,0.048106376
query70,2097152,0.0,0,0,0.0,0.04547783
query70,2097152,0.0,0,0,0.0,0.045319034
query70,2097152,0.0,0,0,0.0,0.044749858
query70,2097152,0.0,0,0,0.0,0.046216362
query70,2097152,0.0,0,0,0.0,0.046133658
query70,2097152,0.0,0,0,0.0,0.045483065
query70,2097152,0.0,0,0,0.0,0.045015227
query70,2097152,0.0,0,0,0.0,0.045973789
query70,2097152,0.0,0,0,0.0,0.045520759
query70,2097152,0.0,0,0,0.0,0.046812903
query70,2097152,0.0,0,0,0.0,0.045784147
query70,2097152,0.0,0,0,0.0,0.044945473
query70,2097152,0.0,0,0,0.0,0.046071012
