label,join_buffer_size_bytes,spill_ratio,spill_count,optimistic_count,optimism_level,duration_s
query53,2097152,0.0,0,0,0.0,0.045527922
query53,2097152,0.0,0,0,0.0,0.044850664
query53,2097152,0.0,0,0,0.0,0.047021927
query53,2097152,0.0,0,0,0.0,0.044935159
query53,2097152,0.0,0,0,0.0,0.046679861
query53,2097152,0.0,0,0,0.0,0.046438814
query53,2097152,0.0,0,0,0.0,0.045412698
query53,2097152,0.0,0,0,0.0,0.045739611
query53,2097152,0.0,0,0,0.0,0.045805094
query53,2097152,0.0,0,0,0.0,0.047176199
query53,2097152,0.0,0,0,0.0,0.048156332
query53,2097152,0.0,0,0,0.0,0.045586646
query53,2097152,0.0,0,0,0.0,0.047531378
query53,2097152,0.0,0,0,0.0,0.045463083
query53,2097152,0.0,0,0,0.0,0.045262573
