label,join_buffer_size_bytes,spill_ratio,spill_count,optimistic_count,optimism_level,duration_s
query18,2097152,0.0,0,0,0.0,0.045874048
query18,2097152,0.0,0,0,0.0,0.045650449
query18,2097152,0.0,0,0,0.0,0.045557161
query18,2097152,0.0,0,0,0.0,0.045265807
query18,2097152,0.0,0,0,0.0,0.045752075
query18,2097152,0.0,0,0,0.0,0.046590948
query18,2097152,0.0,0,0,0.0,0.045206908
query18,2097152,0.0,0,0,0.0,0.046881682
query18,2097152,0.0,0,0,0.0,0.045509548
query18,2097152,0.0,0,0,0.0,0.045387301
query18,2097152,0.0,0,0,0.0,0.045148298
query18,2097152,0.0,0,0,0.0,0.048925517
query18,2097152,0.0,0,0,0.0,0.046644727
query18,2097152,0.0,0,0,0.0,0.046516304
query18,2097152,0.0,0,0,0.0,0.046339788
