label,join_buffer_size_bytes,spill_ratio,spill_count,optimistic_count,optimism_level,duration_s
query83,2097152,0.0,0,0,0.0,0.047193891
query83,2097152,0.0,0,0,0.0,0.047106554
query83,2097152,0.0,0,0,0.0,0.046017573
query83,2097152,0.0,0,0,0.0,0.046284929
query83,2097152,0.0,0,0,0.0,0.046221004
query83,2097152,0.0,0,0,0.0,0.046907313
query83,2097152,0.0,0,0,0.0,0.046438449
query83,2097152,0.0,0,0,0.0,0.046618053
query83,2097152,0.0,0,0,0.0,0.04583098
query83,2097152,0.0,0,0,0.0,0.045918416
query83,2097152,0.0,0,0,0.0,0.047606896
query83,2097152,0.0,0,0,0.0,0.048363951
query83,2097152,0.0,0,0,0.0,0.046525546
query83,2097152,0.0,0,0,0.0,0.046643847
query83,2097152,0.0,0,0,0.0,0.047295332
