label,join_buffer_size_bytes,spill_ratio,spill_count,optimistic_count,optimism_level,duration_s
query21,2097152,0.0,0,0,0.0,0.0448007
query21,2097152,0.0,0,0,0.0,0.047560188
query21,2097152,0.0,0,0,0.0,0.046960032
query21,2097152,0.0,0,0,0.0,0.046417879
query21,2097152,0.0,0,0,0.0,0.046820617
query21,2097152,0.0,0,0,0.0,0.04652321
query21,2097152,0.0,0,0,0.0,0.045062104
query21,2097152,0.0,0,0,0.0,0.045848707
query21,2097152,0.0,0,0,0.0,0.045515841
query21,2097152,0.0,0,0,0.0,0.046310297
query21,2097152,0.0,0,0,0.0,0.04497273
query21,2097152,0.0,0,0,0.0,0.045725277
query21,2097152,0.0,0,0,0.0,0.046642019
query21,2097152,0.0,0,0,0.0,0.045359008
query21,2097152,0.0,0,0,0.0,0.045301026
