label,join_buffer_size_bytes,spill_ratio,spill_count,optimistic_count,optimism_level,duration_s
query96,2097152,0.0,0,0,0.0,0.045506989
query96,2097152,0.0,0,0,0.0,0.045858308
query96,2097152,0.0,0,0,0.0,0.0453054
query96,2097152,0.0,0,0,0.0,0.045213171
query96,2097152,0.0,0,0,0.0,0.045413423
query96,2097152,0.0,0,0,0.0,0.045084821
query96,2097152,0.0,0,0,0.0,0.04513118
query96,2097152,0.0,0,0,0.0,0.045078881
query96,2097152,0.0,0,0,0.0,0.046555705
query96,2097152,0.0,0,0,0.0,0.046220393
query96,2097152,0.0,0,0,0.0,0.045331149
query96,2097152,0.0,0,0,0.0,0.044342388
query96,2097152,0.0,0,0,0.0,0.046970268
query96,2097152,0.0,0,0,0.0,0.044858157
query96,2097152,0.0,0,0,0.0,0.046587769
