label,join_buffer_size_bytes,spill_ratio,spill_count,optimistic_count,optimism_level,duration_s
query15,2097152,0.0,0,0,0.0,0.044981548
query15,2097152,0.0,0,0,0.0,0.045885533
query15,2097152,0.0,0,0,0.0,0.045601463
query15,2097152,0.0,0,0,0.0,0.045252357
query15,2097152,0.0,0,0,0.0,0.046123829
query15,2097152,0.0,0,0,0.0,0.045457234
query15,2097152,0.0,0,0,0.0,0.044986183
query15,2097152,0.0,0,0,0.0,0.044724079
query15,2097152,0.0,0,0,0.0,0.04566416
query15,2097152,0.0,0,0,0.0,0.045385637
query15,2097152,0.0,0,0,0.0,0.045230908
query15,2097152,0.0,0,0,0.0,0.045061638
query15,2097152,0.0,0,0,0.0,0.044829801
query15,2097152,0.0,0,0,0.0,0.046118625
query15,2097152,0.0,0,0,0.0,0.047044654
