label,join_buffer_size_bytes,spill_ratio,spill_count,optimistic_count,optimism_level,duration_s
query31,2097152,0.0,0,0,0.0,0.047570773
query31,2097152,0.0,0,0,0.0,0.047204478
query31,2097152,0.0,0,0,0.0,0.047186673
query31,2097152,0.0,0,0,0.0,0.047897093
query31,2097152,0.0,0,0,0.0,0.047038721
query31,2097152,0.0,0,0,0.0,0.047242792
query31,2097152,0.0,0,0,0.0,0.048610587
query31,2097152,0.0,0,0,0.0,0.047605989
query31,2097152,0.0,0,0,0.0,0.048136938
query31,2097152,0.0,0,0,0.0,0.048790385
query31,2097152,0.0,0,0,0.0,0.046636117
query31,2097152,0.0,0,0,0.0,0.04891467
query31,2097152,0.0,0,0,0.0,0.047359517
query31,2097152,0.0,0,0,0.0,0.047375795
query31,2097152,0.0,0,0,0.0,0.047188047
