label,join_buffer_size_bytes,spill_ratio,spill_count,optimistic_count,optimism_level,duration_s
query47,2097152,0.0,0,0,0.0,0.046028981
query47,2097152,0.0,0,0,0.0,0.047170237
query47,2097152,0.0,0,0,0.0,0.046454383
query47,2097152,0.0,0,0,0.0,0.046057256
query47,2097152,0.0,0,0,0.0,0.046658831
query47,2097152,0.0,0,0,0.0,0.048509654
query47,2097152,0.0,0,0,0.0,0.047004744
query47,2097152,0.0,0,0,0.0,0.047179423
query47,2097152,0.0,0,0,0.0,0.047476322
query47,2097152,0.0,0,0,0.0,0.046680046
query47,2097152,0.0,0,0,0.0,0.046437764
query47,2097152,0.0,0,0,0.0,0.046434537
query47,2097152,0.0,0,0,0.0,0.046873843
query47,2097152,0.0,0,0,0.0,0.047785715
query47,2097152,0.0,0,0,0.0,0.04605355
