label,join_buffer_size_bytes,spill_ratio,spill_count,optimistic_count,optimism_level,duration_s
query30,2097152,0.0,0,0,0.0,0.05961541
query30,2097152,0.0,0,0,0.0,0.059669158
query30,2097152,0.0,0,0,0.0,0.059709757
query30,2097152,0.0,0,0,0.0,0.059642089
query30,2097152,0.0,0,0,0.0,0.060617705
query30,2097152,0.0,0,0,0.0,0.059655833
query30,2097152,0.0,0,0,0.0,0.059744985
query30,2097152,0.0,0,0,0.0,0.060651375
query30,2097152,0.0,0,0,0.0,0.060031322
query30,2097152,0.0,0,0,0.0,0.05983239
query30,2097152,0.0,0,0,0.0,0.059607821
query30,2097152,0.0,0,0,0.0,0.058630176
query30,2097152,0.0,0,0,0.0,0.060372146
query30,2097152,0.0,0,0,0.0,0.061869347
query30,2097152,0.0,0,0,0.0,0.059741889
