label,join_buffer_size_bytes,spill_ratio,spill_count,optimistic_count,optimism_level,duration_s
query13,2097152,0.0,0,0,0.0,0.045176682
query13,2097152,0.0,0,0,0.0,0.046356752
query13,2097152,0.0,0,0,0.0,0.045544965
query13,2097152,0.0,0,0,0.0,0.045641979
query13,2097152,0.0,0,0,0.0,0.045103017
query13,2097152,0.0,0,0,0.0,0.046705588
query13,2097152,0.0,0,0,0.0,0.046429029
query13,2097152,0.0,0,0,0.0,0.04608705
query13,2097152,0.0,0,0,0.0,0.046529189
query13,2097152,0.0,0,0,0.0,0.046600133
query13,2097152,0.0,0,0,0.0,0.047490519
query13,2097152,0.0,0,0,0.0,0.045542289
query13,2097152,0.0,0,0,0.0,0.045747976
query13,2097152,0.0,0,0,0.0,0.045823362
query13,2097152,0.0,0,0,0.0,0.047122166
