label,join_buffer_size_bytes,spill_ratio,spill_count,optimistic_count,optimism_level,duration_s
query44,2097152,0.0,0,0,0.0,0.798425435
query44,2097152,0.0,0,0,0.0,0.802308375
query44,2097152,0.0,0,0,0.0,0.79772399
query44,2097152,0.0,0,0,0.0,0.786575305
query44,2097152,0.0,0,0,0.0,0.799452603
query44,2097152,0.0,0,0,0.0,0.791960761
query44,2097152,0.0,0,0,0.0,0.78791658
query44,2097152,0.0,0,0,0.0,0.793595482
query44,2097152,0.0,0,0,0.0,0.787380276
query44,2097152,0.0,0,0,0.0,0.78358361
query44,2097152,0.0,0,0,0.0,0.786877098
query44,2097152,0.0,0,0,0.0,0.791670539
query44,2097152,0.0,0,0,0.0,0.784829156
query44,2097152,0.0,0,0,0.0,0.794382541
query44,2097152,0.0,0,0,0.0,0.782828656
