label,join_buffer_size_bytes,spill_ratio,spill_count,optimistic_count,optimism_level,duration_s
query11,2097152,0.0,0,0,0.0,0.571153072
query11,2097152,0.0,0,0,0.0,0.579049349
query11,2097152,0.0,0,0,0.0,0.58248708
query11,2097152,0.0,0,0,0.0,0.574841295
query11,2097152,0.0,0,0,0.0,0.579107145
query11,2097152,0.0,0,0,0.0,0.57462164
query11,2097152,0.0,0,0,0.0,0.58570194
query11,2097152,0.0,0,0,0.0,0.576794106
query11,2097152,0.0,0,0,0.0,0.581873115
query11,2097152,0.0,0,0,0.0,0.581771552
query11,2097152,0.0,0,0,0.0,0.575784581
query11,2097152,0.0,0,0,0.0,0.589411352
query11,2097152,0.0,0,0,0.0,0.574197487
query11,2097152,0.0,0,0,0.0,0.586296163
query11,2097152,0.0,0,0,0.0,0.577449834
