label,join_buffer_size_bytes,spill_ratio,spill_count,optimistic_count,optimism_level,duration_s
query20,2097152,0.0,0,0,0.0,0.046494392
query20,2097152,0.0,0,0,0.0,0.045308326
query20,2097152,0.0,0,0,0.0,0.045170181
query20,2097152,0.0,0,0,0.0,0.046333818
query20,2097152,0.0,0,0,0.0,0.045282065
query20,2097152,0.0,0,0,0.0,0.044216551
query20,2097152,0.0,0,0,0.0,0.045963875
query20,2097152,0.0,0,0,0.0,0.045595757
query20,2097152,0.0,0,0,0.0,0.048397196
query20,2097152,0.0,0,0,0.0,0.046252312
query20,2097152,0.0,0,0,0.0,0.047048248
query20,2097152,0.0,0,0,0.0,0.046429975
query20,2097152,0.0,0,0,0.0,0.046344537
query20,2097152,0.0,0,0,0.0,0.046309479
query20,2097152,0.0,0,0,0.0,0.046169299
