label,join_buffer_size_bytes,spill_ratio,spill_count,optimistic_count,optimism_level,duration_s
query52,2097152,0.0,0,0,0.0,0.045652191
query52,2097152,0.0,0,0,0.0,0.045428208
query52,2097152,0.0,0,0,0.0,0.044700423
query52,2097152,0.0,0,0,0.0,0.045660263
query52,2097152,0.0,0,0,0.0,0.046286206
query52,2097152,0.0,0,0,0.0,0.046375778
query52,2097152,0.0,0,0,0.0,0.044760078
query52,2097152,0.0,0,0,0.0,0.045327804
query52,2097152,0.0,0,0,0.0,0.046265598
query52,2097152,0.0,0,0,0.0,0.045392793
query52,2097152,0.0,0,0,0.0,0.045940617
query52,2097152,0.0,0,0,0.0,0.046008053
query52,2097152,0.0,0,0,0.0,0.046117303
query52,2097152,0.0,0,0,0.0,0.045147169
query52,2097152,0.0,0,0,0.0,0.045606509
