label,join_buffer_size_bytes,spill_ratio,spill_count,optimistic_count,optimism_level,duration_s
query4,2097152,0.0,0,0,0.0,0.629015891
query4,2097152,0.0,0,0,0.0,0.640095191
query4,2097152,0.0,0,0,0.0,0.621716918
query4,2097152,0.0,0,0,0.0,0.63374665
query4,2097152,0.0,0,0,0.0,0.639206953
query4,2097152,0.0,0,0,0.0,0.626470403
query4,2097152,0.0,0,0,0.0,0.630989126
query4,2097152,0.0,0,0,0.0,0.637212057
query4,2097152,0.0,0,0,0.0,0.629232384
query4,2097152,0.0,0,0,0.0,0.633677655
query4,2097152,0.0,0,0,0.0,0.629708192
query4,2097152,0.0,0,0,0.0,0.63858372
query4,2097152,0.0,0,0,0.0,0.633506361
query4,2097152,0.0,0,0,0.0,0.636800792
query4,2097152,0.0,0,0,0.0,0.628860222
