label,join_buffer_size_bytes,spill_ratio,spill_count,optimistic_count,optimism_level,duration_s
query51,2097152,0.0,0,0,0.0,0.046548687
query51,2097152,0.0,0,0,0.0,0.046078039
query51,2097152,0.0,0,0,0.0,0.046753562
query51,2097152,0.0,0,0,0.0,0.0467532
query51,2097152,0.0,0,0,0.0,0.047902277
query51,2097152,0.0,0,0,0.0,0.046018033
query51,2097152,0.0,0,0,0.0,0.046915513
query51,2097152,0.0,0,0,0.0,0.046199835
query51,2097152,0.0,0,0,0.0,0.047021022
query51,2097152,0.0,0,0,0.0,0.046957134
query51,2097152,0.0,0,0,0.0,0.046578854
query51,2097152,0.0,0,0,0.0,0.046942386
query51,2097152,0.0,0,0,0.0,0.047917292
query51,2097152,0.0,0,0,0.0,0.046505303
query51,2097152,0.0,0,0,0.0,0.046315549
