label,join_buffer_size_bytes,spill_ratio,spill_count,optimistic_count,optimism_level,duration_s
query56,2097152,0.0,0,0,0.0,0.049445777
query56,2097152,0.0,0,0,0.0,0.048484225
query56,2097152,0.0,0,0,0.0,0.048789426
query56,2097152,0.0,0,0,0.0,0.048245563
query56,2097152,0.0,0,0,0.0,0.049795321
query56,2097152,0.0,0,0,0.0,0.048295468
query56,2097152,0.0,0,0,0.0,0.04860302
query56,2097152,0.0,0,0,0.0,0.048877516
query56,2097152,0.0,0,0,0.0,0.049909704
query56,2097152,0.0,0,0,0.0,0.049892601
query56,2097152,0.0,0,0,0.0,0.048111204
query56,2097152,0.0,0,0,0.0,0.049885161
query56,2097152,0.0,0,0,0.0,0.04812514
query56,2097152,0.0,0,0,0.0,0.052146917
query56,2097152,0.0,0,0,0.0,0.049214777
