label,join_buffer_size_bytes,spill_ratio,spill_count,optimistic_count,optimism_level,duration_s
query49,2097152,0.0,0,0,0.0,0.046001417
query49,2097152,0.0,0,0,0.0,0.04654767
query49,2097152,0.0,0,0,0.0,0.046844629
query49,2097152,0.0,0,0,0.0,0.045934544
query49,2097152,0.0,0,0,0.0,0.046114134
query49,2097152,0.0,0,0,0.0,0.046988899
query49,2097152,0.0,0,0,0.0,0.046424044
query49,2097152,0.0,0,0,0.0,0.045848308
query49,2097152,0.0,0,0,0.0,0.046959077
query49,2097152,0.0,0,0,0.0,0.046296836
query49,2097152,0.0,0,0,0.0,0.046800909
query49,2097152,0.0,0,0,0.0,0.046750374
query49,2097152,0.0,0,0,0.0,0.046962648
query49,2097152,0.0,0,0,0.0,0.046227271
query49,2097152,0.0,0,0,0.0,0.045978715
