label,join_buffer_size_bytes,spill_ratio,spill_count,optimistic_count,optimism_level,duration_s
query29,2097152,0.0,0,0,0.0,0.046724242
query29,2097152,0.0,0,0,0.0,0.046516317
query29,2097152,0.0,0,0,0.0,0.045929448
query29,2097152,0.0,0,0,0.0,0.046019779
query29,2097152,0.0,0,0,0.0,0.046544192
query29,2097152,0.0,0,0,0.0,0.047336461
query29,2097152,0.0,0,0,0.0,0.047040618
query29,2097152,0.0,0,0,0.0,0.047835997
query29,2097152,0.0,0,0,0.0,0.046080974
query29,2097152,0.0,0,0,0.0,0.045920611
query29,2097152,0.0,0,0,0.0,0.045987398
query29,2097152,0.0,0,0,0.0,0.046722667
query29,2097152,0.0,0,0,0.0,0.0459594
query29,2097152,0.0,0,0,0.0,0.047296298
query29,2097152,0.0,0,0,0.0,0.047510232
