label,join_buffer_size_bytes,spill_ratio,spill_count,optimistic_count,optimism_level,duration_s
q5,2097152,0.0,0,0,0.0,0.106647417
q5,2097152,0.0,0,0,0.0,0.108416791
q5,2097152,0.0,0,0,0.0,0.106359167
q5,2097152,0.0,0,0,0.0,0.114599667
q5,2097152,0.0,0,0,0.0,0.108126792
q5,2097152,0.0,0,0,0.0,0.109131209
q5,2097152,0.0,0,0,0.0,0.107933167
q5,2097152,0.0,0,0,0.0,0.1116695
q5,2097152,0.0,0,0,0.0,0.108377583
q5,2097152,0.0,0,0,0.0,0.108035542
