label,join_buffer_size_bytes,spill_ratio,spill_count,optimistic_count,optimism_level,duration_s
q5,1048576,0.0,0,0,0.0,0.11217975
q5,1048576,0.0,0,0,0.0,0.1127435
q5,1048576,0.0,0,0,0.0,0.114301417
q5,1048576,0.0,0,0,0.0,0.116773042
q5,1048576,0.0,0,0,0.0,0.116008167
q5,1048576,0.0,0,0,0.0,0.114636209
q5,1048576,0.0,0,0,0.0,0.11149825
q5,1048576,0.0,0,0,0.0,0.1133015
q5,1048576,0.0,0,0,0.0,0.114644375
q5,1048576,0.0,0,0,0.0,0.115876292
