label,join_buffer_size_bytes,spill_ratio,spill_count,optimistic_count,optimism_level,duration_s
q5,393216,0.0,0,0,0.0,0.160360958
q5,393216,0.0,0,0,0.0,0.167194541
q5,393216,0.0,0,0,0.0,0.172240542
q5,393216,0.0,0,0,0.0,0.163736917
q5,393216,0.0,0,0,0.0,0.167231708
q5,393216,0.0,0,0,0.0,0.172931209
q5,393216,0.0,0,0,0.0,0.167585208
q5,393216,0.0,0,0,0.0,0.167527958
q5,393216,0.0,0,0,0.0,0.161793708
q5,393216,0.0,0,0,0.0,0.161990375
