label,join_buffer_size_bytes,spill_ratio,spill_count,optimistic_count,optimism_level,duration_s
q5,6291456,0.0,0,0,0.0,0.106950042
q5,6291456,0.0,0,0,0.0,0.102398
q5,6291456,0.0,0,0,0.0,0.101811
q5,6291456,0.0,0,0,0.0,0.103748042
q5,6291456,0.0,0,0,0.0,0.102306417
q5,6291456,0.0,0,0,0.0,0.102663542
q5,6291456,0.0,0,0,0.0,0.099732125
q5,6291456,0.0,0,0,0.0,0.096793458
q5,6291456,0.0,0,0,0.0,0.104363125
q5,6291456,0.0,0,0,0.0,0.098528959
