label,join_buffer_size_bytes,spill_ratio,spill_count,optimistic_count,optimism_level,duration_s
q5,4194304,0.0,0,0,0.0,0.102069167
q5,4194304,0.0,0,0,0.0,0.099697459
q5,4194304,0.0,0,0,0.0,0.102324584
q5,4194304,0.0,0,0,0.0,0.099524208
q5,4194304,0.0,0,0,0.0,0.099378667
q5,4194304,0.0,0,0,0.0,0.103846708
q5,4194304,0.0,0,0,0.0,0.101853084
q5,4194304,0.0,0,0,0.0,0.100824375
q5,4194304,0.0,0,0,0.0,0.099436417
q5,4194304,0.0,0,0,0.0,0.099505417
