label,join_buffer_size_bytes,spill_ratio,spill_count,optimistic_count,optimism_level,duration_s
q5,262144,0.0,0,0,0.0,0.2007315
q5,262144,0.0,0,0,0.0,0.199945334
q5,262144,0.0,0,0,0.0,0.206082959
q5,262144,0.0,0,0,0.0,0.204515958
q5,262144,0.0,0,0,0.0,0.209610709
q5,262144,0.0,0,0,0.0,0.204953208
q5,262144,0.0,0,0,0.0,0.199358833
q5,262144,0.0,0,0,0.0,0.197152708
q5,262144,0.0,0,0,0.0,0.206321334
q5,262144,0.0,0,0,0.0,0.193321958
