label,join_buffer_size_bytes,spill_ratio,spill_count,optimistic_count,optimism_level,duration_s
q5,786432,0.0,0,0,0.0,0.122738708
q5,786432,0.0,0,0,0.0,0.130828583
q5,786432,0.0,0,0,0.0,0.128384667
q5,786432,0.0,0,0,0.0,0.127077166
q5,786432,0.0,0,0,0.0,0.129197292
q5,786432,0.0,0,0,0.0,0.123910375
q5,786432,0.0,0,0,0.0,0.127329958
q5,786432,0.0,0,0,0.0,0.135876291
q5,786432,0.0,0,0,0.0,0.136028333
q5,786432,0.0,0,0,0.0,0.122467917
