label,join_buffer_size_bytes,spill_ratio,spill_count,optimistic_count,optimism_level,duration_s
q5,3145728,0.0,0,0,0.0,0.099616833
q5,3145728,0.0,0,0,0.0,0.109255083
q5,3145728,0.0,0,0,0.0,0.101256
q5,3145728,0.0,0,0,0.0,0.106396291
q5,3145728,0.0,0,0,0.0,0.099663459
q5,3145728,0.0,0,0,0.0,0.09950275
q5,3145728,0.0,0,0,0.0,0.113860125
q5,3145728,0.0,0,0,0.0,0.100577875
q5,3145728,0.0,0,0,0.0,0.100592833
q5,3145728,0.0,0,0,0.0,0.101863333
