label,join_buffer_size_bytes,spill_ratio,spill_count,optimistic_count,optimism_level,duration_s
q5,524288,0.0,0,0,0.0,0.154411791
q5,524288,0.0,0,0,0.0,0.15818075
q5,524288,0.0,0,0,0.0,0.159454125
q5,524288,0.0,0,0,0.0,0.1622325
q5,524288,0.0,0,0,0.0,0.16152
q5,524288,0.0,0,0,0.0,0.164042833
q5,524288,0.0,0,0,0.0,0.159042584
q5,524288,0.0,0,0,0.0,0.155734917
q5,524288,0.0,0,0,0.0,0.158180958
q5,524288,0.0,0,0,0.0,0.165990708
