label,join_buffer_size_bytes,spill_ratio,spill_count,optimistic_count,optimism_level,duration_s
q6,524288,0.0,0,0,0.0,0.472667417
q6,524288,0.0,0,0,0.25,0.462210208
q6,524288,0.0,0,0,0.5,0.449971792
q6,524288,1.0,1,1,0.75,0.319797417
q6,524288,0.5,6,12,1.0,0.297528542
