label,join_buffer_size_bytes,spill_ratio,spill_count,optimistic_count,optimism_level,duration_s
q5,393216,0.0,0,0,0.0,0.159327459
q5,393216,0.0,0,0,0.25,0.16059475
q5,393216,0.0,0,0,0.5,0.159480416
q5,393216,1.0,1,1,0.75,0.158150083
q5,393216,0.8,8,10,1.0,0.15740675
