label,join_buffer_size_bytes,spill_ratio,spill_count,optimistic_count,optimism_level,duration_s
q7,393216,0.0,0,0,0.0,0.408884208
q7,393216,0.0,0,0,0.25,0.406167083
q7,393216,0.0,0,0,0.5,0.394002167
q7,393216,1.0,1,1,0.75,0.470487166
q7,393216,0.6363636363636364,7,11,1.0,0.449526542
