label,join_buffer_size_bytes,spill_ratio,spill_count,optimistic_count,optimism_level,duration_s
q6,2097152,0.0,0,0,0.0,0.4110585
q6,2097152,0.0,0,1,0.25,0.17348325
q6,2097152,0.0,0,1,0.5,0.174203709
q6,2097152,0.16666666666666666,1,6,0.75,0.303594041
q6,2097152,0.08333333333333333,1,12,1.0,0.141035042
