label,join_buffer_size_bytes,spill_ratio,spill_count,optimistic_count,optimism_level,duration_s
q7,786432,0.0,0,0,0.0,0.324883542
q7,786432,0.0,0,0,0.25,0.341595333
q7,786432,0.0,0,1,0.5,0.223278125
q7,786432,0.0,0,1,0.75,0.224843208
q7,786432,0.36363636363636365,4,11,1.0,0.226600667
