label,join_buffer_size_bytes,spill_ratio,spill_count,optimistic_count,optimism_level,duration_s
q7,4194304,0.0,0,0,0.0,0.286925042
q7,4194304,0.0,0,1,0.25,0.184539
q7,4194304,0.0,0,1,0.5,0.186394875
q7,4194304,0.0,0,1,0.75,0.182660375
q7,4194304,0.0,0,11,1.0,0.16653175
