label,join_buffer_size_bytes,spill_ratio,spill_count,optimistic_count,optimism_level,duration_s
q7,524288,0.0,0,0,0.0,0.400778542
q7,524288,0.0,0,0,0.25,0.400199041
q7,524288,0.0,0,0,0.5,0.400347541
q7,524288,1.0,1,1,0.75,0.413143917
q7,524288,0.6363636363636364,7,11,1.0,0.453755666
