label,join_buffer_size_bytes,spill_ratio,spill_count,optimistic_count,optimism_level,duration_s
q5,3145728,0.0,0,0,0.0,0.101495333
q5,3145728,0.0,0,1,0.25,0.096814791
q5,3145728,0.0,0,3,0.5,0.094204958
q5,3145728,0.0,0,3,0.75,0.093498208
q5,3145728,0.0,0,10,1.0,0.092800083
