label,join_buffer_size_bytes,spill_ratio,spill_count,optimistic_count,optimism_level,duration_s
q5,4194304,0.0,0,0,0.0,0.101025667
q5,4194304,0.0,0,1,0.25,0.1003075
q5,4194304,0.0,0,3,0.5,0.093642834
q5,4194304,0.0,0,3,0.75,0.09311425
q5,4194304,0.0,0,10,1.0,0.089745875
