label,join_buffer_size_bytes,spill_ratio,spill_count,optimistic_count,optimism_level,duration_s
q7,1048576,0.0,0,0,0.0,0.303556708
q7,1048576,0.0,0,0,0.25,0.293055667
q7,1048576,0.0,0,1,0.5,0.198693417
q7,1048576,0.0,0,1,0.75,0.198509541
q7,1048576,0.18181818181818182,2,11,1.0,0.190257666
