label,join_buffer_size_bytes,spill_ratio,spill_count,optimistic_count,optimism_level,duration_s
q7,262144,0.0,0,0,0.0,0.47555475
q7,262144,0.0,0,0,0.25,0.470358833
q7,262144,0.0,0,0,0.5,0.474110542
q7,262144,1.0,1,1,0.75,0.484579791
q7,262144,0.8181818181818182,9,11,1.0,0.54735425
