label,join_buffer_size_bytes,spill_ratio,spill_count,optimistic_count,optimism_level,duration_s
q6,3145728,0.0,0,0,0.0,0.318901792
q6,3145728,0.0,0,1,0.25,0.163709375
q6,3145728,0.0,0,3,0.5,0.153822291
q6,3145728,0.0,0,7,0.75,0.143092875
q6,3145728,0.0,0,12,1.0,0.138189792
