label,join_buffer_size_bytes,spill_ratio,spill_count,optimistic_count,optimism_level,duration_s
q5,524288,0.0,0,0,0.0,0.153449208
q5,524288,0.0,0,0,0.25,0.156171209
q5,524288,0.0,0,0,0.5,0.149716417
q5,524288,1.0,1,1,0.75,0.152281667
q5,524288,0.8,8,10,1.0,0.147970166
