label,join_buffer_size_bytes,spill_ratio,spill_count,optimistic_count,optimism_level,duration_s
q5,262144,0.0,0,0,0.0,0.2133055
q5,262144,0.0,0,0,0.25,0.197593208
q5,262144,0.0,0,0,0.5,0.208070333
q5,262144,1.0,1,1,0.75,0.19850925
q5,262144,1.0,10,10,1.0,0.188407458
