label,join_buffer_size_bytes,spill_ratio,spill_count,optimistic_count,optimism_level,duration_s
q7,3145728,0.0,0,0,0.0,0.290036208
q7,3145728,0.0,0,1,0.25,0.186671667
q7,3145728,0.0,0,1,0.5,0.188562
q7,3145728,0.0,0,1,0.75,0.187463167
q7,3145728,0.0,0,11,1.0,0.16700625
