label,join_buffer_size_bytes,spill_ratio,spill_count,optimistic_count,optimism_level,duration_s
q6,1048576,0.0,0,0,0.0,0.408368083
q6,1048576,0.0,0,0,0.25,0.404356209
q6,1048576,0.0,0,1,0.5,0.186042541
q6,1048576,0.3333333333333333,1,3,0.75,0.325187
q6,1048576,0.16666666666666666,2,12,1.0,0.153393958
