label,join_buffer_size_bytes,spill_ratio,spill_count,optimistic_count,optimism_level,duration_s
q6,262144,0.0,0,0,0.0,0.513856083
q6,262144,0.0,0,0,0.25,0.522627833
q6,262144,0.0,0,0,0.5,0.539399542
q6,262144,1.0,1,1,0.75,0.455507333
q6,262144,0.75,9,12,1.0,0.582861875
