label,join_buffer_size_bytes,spill_ratio,spill_count,optimistic_count,optimism_level,duration_s
q6,6291456,0.0,0,0,0.0,0.320703625
q6,6291456,0.0,0,1,0.25,0.161387417
q6,6291456,0.0,0,6,0.5,0.141473208
q6,6291456,0.0,0,7,0.75,0.146719916
q6,6291456,0.0,0,12,1.0,0.133324458
