label,join_buffer_size_bytes,spill_ratio,spill_count,optimistic_count,optimism_level,duration_s
q7,2097152,0.0,0,0,0.0,0.292648875
q7,2097152,0.0,0,1,0.25,0.187316709
q7,2097152,0.0,0,1,0.5,0.185318083
q7,2097152,0.0,0,1,0.75,0.190197792
q7,2097152,0.09090909090909091,1,11,1.0,0.175054625
