label,join_buffer_size_bytes,spill_ratio,spill_count,optimistic_count,optimism_level,duration_s
q5,1048576,0.0,0,0,0.0,0.117594166
q5,1048576,0.0,0,0,0.25,0.113602708
q5,1048576,0.0,0,1,0.5,0.110447084
q5,1048576,0.3333333333333333,1,3,0.75,0.113053542
q5,1048576,0.2,2,10,1.0,0.102399416
