label,join_buffer_size_bytes,spill_ratio,spill_count,optimistic_count,optimism_level,duration_s
q5,2097152,0.0,0,0,0.0,0.106422042
q5,2097152,0.0,0,1,0.25,0.101818209
q5,2097152,0.0,0,1,0.5,0.099697541
q5,2097152,0.3333333333333333,1,3,0.75,0.100348333
q5,2097152,0.1,1,10,1.0,0.092260958
