label,join_buffer_size_bytes,spill_ratio,spill_count,optimistic_count,optimism_level,duration_s
q5,786432,0.0,0,0,0.0,0.12510125
q5,786432,0.0,0,0,0.25,0.121939583
q5,786432,0.0,0,1,0.5,0.117128541
q5,786432,0.0,0,1,0.75,0.116779
q5,786432,0.5,5,10,1.0,0.114832833
