label,join_buffer_size_bytes,spill_ratio,spill_count,optimistic_count,optimism_level,duration_s
q6,786432,0.0,0,0,0.0,0.4328575
q6,786432,0.0,0,0,0.25,0.4090105
q6,786432,0.0,0,1,0.5,0.195603166
q6,786432,0.0,0,1,0.75,0.204688084
q6,786432,0.3333333333333333,4,12,1.0,0.167220708
