label,join_buffer_size_bytes,spill_ratio,spill_count,optimistic_count,optimism_level,duration_s
q5,6291456,0.0,0,0,0.0,0.099538042
q5,6291456,0.0,0,1,0.25,0.094936917
q5,6291456,0.0,0,3,0.5,0.092913875
q5,6291456,0.0,0,3,0.75,0.09481275
q5,6291456,0.0,0,10,1.0,0.088774083
