label,join_buffer_size_bytes,spill_ratio,spill_count,optimistic_count,optimism_level,duration_s
q6,393216,0.0,0,0,0.0,0.474171542
q6,393216,0.0,0,0,0.25,0.46804375
q6,393216,0.0,0,0,0.5,0.484303
q6,393216,1.0,1,1,0.75,0.341280291
q6,393216,0.5,6,12,1.0,0.3090585
