label,join_buffer_size_bytes,spill_ratio,spill_count,optimistic_count,optimism_level,duration_s
q6,4194304,0.0,0,0,0.0,0.317425291
q6,4194304,0.0,0,1,0.25,0.16024725
q6,4194304,0.0,0,4,0.5,0.145681708
q6,4194304,0.0,0,7,0.75,0.142479041
q6,4194304,0.0,0,12,1.0,0.134846459
