label,join_buffer_size_bytes,spill_ratio,duration_s,optimistic_count,spill_count
256KB,262144,0.3333333333333333,24.610607029,3,1
384KB,393216,0.3333333333333333,24.69336109,3,1
512KB,524288,0.3333333333333333,24.460415958,3,1
768KB,786432,0.3333333333333333,24.523438315,3,1
1MB,1048576,0.3333333333333333,24.423342709,3,1
1.5MB,1572864,0.0,24.626084462,3,0
2MB,2097152,0.0,26.111806013,3,0
3MB,3145728,0.0,24.775286965,3,0
4MB,4194304,0.0,24.665440487,3,0
6MB,6291456,0.0,24.698758599,3,0
