label,join_buffer_size_bytes,spill_ratio,duration_s,optimistic_count,spill_count
256KB,262144,0.3333333333333333,24.370035123,3,1
384KB,393216,0.3333333333333333,24.461570081,3,1
512KB,524288,0.3333333333333333,24.40358541,3,1
768KB,786432,0.3333333333333333,24.393451374,3,1
1MB,1048576,0.3333333333333333,24.850975639,3,1
1.5MB,1572864,0.0,24.433390211,3,0
2MB,2097152,0.0,24.230806406,3,0
3MB,3145728,0.0,24.274678727,3,0
4MB,4194304,0.0,24.487295173,3,0
6MB,6291456,0.0,24.237539646,3,0
