label,join_buffer_size_bytes,spill_ratio,duration_s,optimistic_count,spill_count
256KB,262144,0.0,10.273226804,1,0
384KB,393216,0.0,10.222841725,1,0
512KB,524288,0.0,10.209783468,1,0
768KB,786432,0.0,10.195659436,1,0
1MB,1048576,0.0,10.227243622,1,0
1.5MB,1572864,0.0,10.158067987,1,0
2MB,2097152,0.0,10.254677733,1,0
3MB,3145728,0.0,10.151657305,1,0
4MB,4194304,0.0,10.290417362,1,0
6MB,6291456,0.0,10.28639493,1,0
