label,join_buffer_size_bytes,spill_ratio,duration_s,optimistic_count,spill_count
256KB,262144,0.0,54.556417678,2,0
384KB,393216,0.0,39.881886446,2,0
512KB,524288,0.0,33.130838608,2,0
768KB,786432,0.0,26.614390526,2,0
1MB,1048576,0.0,24.814083466,2,0
1.5MB,1572864,0.0,20.324100941,2,0
2MB,2097152,0.0,20.470643363,2,0
3MB,3145728,0.0,18.645937933,2,0
4MB,4194304,0.0,18.528180572,2,0
6MB,6291456,0.0,14.47126753,2,0
