label,join_buffer_size_bytes,spill_ratio,duration_s,optimistic_count,spill_count
256KB,262144,0.0,14.84307562,3,0
384KB,393216,0.0,15.317647019,3,0
512KB,524288,0.0,14.897364968,3,0
768KB,786432,0.0,15.442620491,3,0
1MB,1048576,0.0,16.935285381,3,0
1.5MB,1572864,0.0,16.128743173,3,0
2MB,2097152,0.0,16.576378023,3,0
3MB,3145728,0.0,16.831019924,3,0
4MB,4194304,0.0,15.932970501,2,0
6MB,6291456,0.0,14.506384839,2,0
