label,join_buffer_size_bytes,spill_ratio,duration_s,optimistic_count,spill_count
256KB,262144,0.0,11.72120318,1,0
384KB,393216,0.0,11.164511929,1,0
512KB,524288,0.0,11.191314472,1,0
768KB,786432,0.0,11.216777315,1,0
1MB,1048576,0.0,11.207201077,1,0
1.5MB,1572864,0.0,11.212308246,1,0
2MB,2097152,0.0,11.226522047,1,0
3MB,3145728,0.0,11.229334843,1,0
4MB,4194304,0.0,11.239920982,1,0
6MB,6291456,0.0,11.223213075,1,0
