label,join_buffer_size_bytes,spill_ratio,duration_s,optimistic_count,spill_count
256KB,262144,0.0,0.119732057,1,0
384KB,393216,0.0,0.118975292,1,0
512KB,524288,0.0,0.119238457,1,0
768KB,786432,0.0,0.121572176,1,0
1MB,1048576,0.0,0.119379193,1,0
1.5MB,1572864,0.0,0.119820004,1,0
2MB,2097152,0.0,0.120002114,1,0
3MB,3145728,0.0,0.120026819,1,0
4MB,4194304,0.0,0.118902271,1,0
6MB,6291456,0.0,0.118729305,1,0
