label,join_buffer_size_bytes,spill_ratio,duration_s,optimistic_count,spill_count
256KB,262144,0.0,0.120743759,1,0
384KB,393216,0.0,0.119311036,1,0
512KB,524288,0.0,0.124641546,1,0
768KB,786432,0.0,0.121128983,1,0
1MB,1048576,0.0,0.119870394,1,0
1.5MB,1572864,0.0,0.1207921,1,0
2MB,2097152,0.0,0.120105285,1,0
3MB,3145728,0.0,0.118765171,1,0
4MB,4194304,0.0,0.119959281,1,0
6MB,6291456,0.0,0.118830928,1,0
