label,join_buffer_size_bytes,spill_ratio,duration_s,optimistic_count,spill_count
256KB,262144,0.5,39.943182704,2,1
384KB,393216,0.5,39.844430532,2,1
512KB,524288,0.5,39.789807352,2,1
768KB,786432,0.5,39.866311679,2,1
1MB,1048576,0.5,39.986935583,2,1
1.5MB,1572864,0.5,40.259141595,2,1
2MB,2097152,0.5,39.395326137,2,1
3MB,3145728,0.5,38.990863773,2,1
4MB,4194304,0.5,39.38012216,2,1
6MB,6291456,0.5,39.224133205,2,1
