label,join_buffer_size_bytes,spill_ratio,duration_s,optimistic_count,spill_count
256KB,262144,0.0,27.761930164,2,0
384KB,393216,0.0,25.799127586,2,0
512KB,524288,0.0,23.440653253,2,0
768KB,786432,0.0,21.457937459,2,0
1MB,1048576,0.0,20.58091099,2,0
1.5MB,1572864,0.0,19.879770766,2,0
2MB,2097152,0.0,19.209469508,2,0
3MB,3145728,0.0,18.633366715,2,0
4MB,4194304,0.0,18.280365082,2,0
6MB,6291456,0.0,17.947384877,2,0
