label,join_buffer_size_bytes,spill_ratio,duration_s,optimistic_count,spill_count
256KB,262144,0.0,16.94113902,2,0
384KB,393216,0.0,16.803263694,2,0
512KB,524288,0.0,15.997612569,2,0
768KB,786432,0.0,15.381590373,2,0
1MB,1048576,0.0,14.78033132,2,0
1.5MB,1572864,0.0,14.507437463,2,0
2MB,2097152,0.0,14.167640506,2,0
3MB,3145728,0.0,14.109508624,2,0
4MB,4194304,0.0,13.72540185,2,0
6MB,6291456,0.0,13.748097337,2,0
