label,join_buffer_size_bytes,spill_ratio,duration_s,optimistic_count,spill_count
256KB,262144,0.0,28.135607986,2,0
384KB,393216,0.0,25.99849562,2,0
512KB,524288,0.0,23.913820191,2,0
768KB,786432,0.0,21.820053196,2,0
1MB,1048576,0.0,21.212608366,2,0
1.5MB,1572864,0.0,20.325145735,2,0
2MB,2097152,0.0,19.41444679,2,0
3MB,3145728,0.0,19.0435364,2,0
4MB,4194304,0.0,18.705114924,2,0
6MB,6291456,0.0,18.648111058,2,0
