label,join_buffer_size_bytes,spill_ratio,duration_s,optimistic_count,spill_count
256KB,262144,0.0,46.848766799,3,0
384KB,393216,0.0,52.226299728,3,0
512KB,524288,0.0,46.470352671,3,0
768KB,786432,0.0,62.237008796,3,0
1MB,1048576,0.0,54.654360551,3,0
1.5MB,1572864,0.0,46.411715295,3,0
2MB,2097152,0.0,42.02765861,3,0
3MB,3145728,0.0,37.744247459,3,0
4MB,4194304,0.0,17.420018121,3,0
6MB,6291456,0.0,17.036202996,3,0
