label,join_buffer_size_bytes,spill_ratio,duration_s,optimistic_count,spill_count
256KB,262144,0.0,24.294238553,2,0
384KB,393216,0.0,21.849919866,2,0
512KB,524288,0.0,20.018027983,2,0
768KB,786432,0.0,18.928091847,2,0
1MB,1048576,0.0,18.419287134,2,0
1.5MB,1572864,0.0,18.09449018,2,0
2MB,2097152,0.0,17.750771313,2,0
3MB,3145728,0.0,16.770800253,2,0
4MB,4194304,0.0,16.048828514,2,0
6MB,6291456,0.0,15.631190037,2,0
