label,join_buffer_size_bytes,spill_ratio,duration_s,optimistic_count,spill_count
256KB,262144,0.0,11.452329335,1,0
384KB,393216,0.0,11.408838201,1,0
512KB,524288,0.0,11.428476573,1,0
768KB,786432,0.0,11.387270621,1,0
1MB,1048576,0.0,11.395848134,1,0
1.5MB,1572864,0.0,12.13062491,2,0
2MB,2097152,0.0,12.112446317,2,0
3MB,3145728,0.0,12.148310137,1,0
4MB,4194304,0.0,12.12730017,1,0
6MB,6291456,0.0,12.11202006,1,0
