label,join_buffer_size_bytes,spill_ratio,duration_s,optimistic_count,spill_count
256KB,262144,0.0,11.891761651,1,0
384KB,393216,0.0,11.728709475,1,0
512KB,524288,0.0,11.834244082,1,0
768KB,786432,0.0,11.829876046,1,0
1MB,1048576,0.0,11.907502719,1,0
1.5MB,1572864,0.0,11.75019656,1,0
2MB,2097152,0.0,11.776136107,1,0
3MB,3145728,0.0,11.80759876,1,0
4MB,4194304,0.0,11.800506327,1,0
6MB,6291456,0.0,11.781473011,1,0
