label,join_buffer_size_bytes,spill_ratio,duration_s,optimistic_count,spill_count
256KB,262144,0.0,36.224530114,2,0
384KB,393216,0.0,35.836529804,2,0
512KB,524288,0.0,34.706018284,3,0
768KB,786432,0.0,34.826437166,3,0
1MB,1048576,0.0,34.718541101,3,0
1.5MB,1572864,0.0,34.880370244,3,0
2MB,2097152,0.0,34.939955646,3,0
3MB,3145728,0.0,34.688469628,3,0
4MB,4194304,0.0,34.758957944,3,0
6MB,6291456,0.0,34.956535984,3,0
