label,join_buffer_size_bytes,spill_ratio,duration_s,optimistic_count,spill_count
256KB,262144,1.0,36.314094908,1,1
384KB,393216,1.0,36.129635647,1,1
512KB,524288,1.0,36.379268261,1,1
768KB,786432,1.0,36.068914602,1,1
1MB,1048576,1.0,35.698224469,1,1
1.5MB,1572864,0.0,34.851086588,1,0
2MB,2097152,0.0,35.511361136,1,0
3MB,3145728,0.0,35.712232551,1,0
4MB,4194304,0.0,35.70744134,1,0
6MB,6291456,0.0,35.808823986,1,0
