label,join_buffer_size_bytes,spill_ratio,duration_s,optimistic_count,spill_count
256KB,262144,1.0,34.242044164,1,1
384KB,393216,1.0,34.432800329,1,1
512KB,524288,1.0,34.396336724,1,1
768KB,786432,1.0,34.088027178,1,1
1MB,1048576,1.0,34.015335795,1,1
1.5MB,1572864,0.0,33.849585928,1,0
2MB,2097152,0.0,34.021115111,1,0
3MB,3145728,0.0,33.986980512,1,0
4MB,4194304,0.0,33.932328094,1,0
6MB,6291456,0.0,33.835160456,1,0
