label,join_buffer_size_bytes,spill_ratio,duration_s,optimistic_count,spill_count
256KB,262144,1.0,37.23615552,1,1
384KB,393216,1.0,37.517872847,1,1
512KB,524288,1.0,37.20894179,1,1
768KB,786432,1.0,36.883850904,1,1
1MB,1048576,1.0,37.515940178,1,1
1.5MB,1572864,1.0,37.286012256,1,1
2MB,2097152,1.0,37.555565985,1,1
3MB,3145728,1.0,37.345227578,1,1
4MB,4194304,1.0,37.504273236,1,1
6MB,6291456,1.0,37.085752183,1,1
