label,join_buffer_size_bytes,spill_ratio,duration_s,optimistic_count,spill_count
256KB,262144,1.0,213.422873882,1,1
384KB,393216,1.0,173.943452174,1,1
512KB,524288,1.0,149.307409816,1,1
768KB,786432,0.0,24.622506608,1,0
1MB,1048576,0.0,24.276554585,1,0
1.5MB,1572864,1.0,287.616370283,1,1
2MB,2097152,1.0,256.878985398,1,1
3MB,3145728,1.0,226.890278307,1,1
4MB,4194304,1.0,206.516416706,1,1
6MB,6291456,1.0,194.50330107,1,1
