label,join_buffer_size_bytes,spill_ratio,duration_s,optimistic_count,spill_count
256KB,262144,1.0,35.775689373,1,1
384KB,393216,1.0,35.766623491,1,1
512KB,524288,1.0,35.63802134,1,1
768KB,786432,1.0,35.661685309,1,1
1MB,1048576,1.0,35.631127687,1,1
1.5MB,1572864,1.0,35.43419635,1,1
2MB,2097152,1.0,35.724950078,1,1
3MB,3145728,1.0,35.532288741,1,1
4MB,4194304,0.0,35.284875399,1,0
6MB,6291456,0.0,35.01787258,1,0
