label,join_buffer_size_bytes,spill_ratio,duration_s,optimistic_count,spill_count
256KB,262144,1.0,81.02700741,1,1
384KB,393216,1.0,81.255376733,1,1
512KB,524288,1.0,81.800247301,1,1
768KB,786432,1.0,81.228988802,1,1
1MB,1048576,0.0,81.331752105,1,0
1.5MB,1572864,0.0,80.828138753,1,0
2MB,2097152,0.0,81.191339949,1,0
3MB,3145728,0.0,81.089863952,1,0
4MB,4194304,0.0,80.433487361,1,0
6MB,6291456,0.0,80.320129896,1,0
