label,join_buffer_size_bytes,spill_ratio,duration_s,optimistic_count,spill_count
256KB,262144,0.0,2.816998991,1,0
384KB,393216,0.0,2.82335008,1,0
512KB,524288,0.0,2.806097614,1,0
768KB,786432,0.0,2.8201481790000003,1,0
1MB,1048576,0.0,2.834776748,1,0
1.5MB,1572864,0.0,2.832942175,1,0
2MB,2097152,0.0,2.830681472,1,0
3MB,3145728,0.0,2.841326342,1,0
4MB,4194304,0.0,2.816737433,1,0
6MB,6291456,0.0,2.83366009,1,0
