label,join_buffer_size_bytes,spill_ratio,duration_s,optimistic_count,spill_count
256KB,262144,0.0,2.803985368,2,0
384KB,393216,0.0,2.781645145,2,0
512KB,524288,0.0,2.792373003,2,0
768KB,786432,0.0,2.811895641,2,0
1MB,1048576,0.0,2.775907207,2,0
1.5MB,1572864,0.0,2.825896656,2,0
2MB,2097152,0.0,2.784318825,2,0
3MB,3145728,0.0,2.817769836,2,0
4MB,4194304,0.0,2.804372838,2,0
6MB,6291456,0.0,2.79255213,2,0
