label,join_buffer_size_bytes,spill_ratio,duration_s,optimistic_count,spill_count
256KB,262144,0.0,2.227045697,2,0
384KB,393216,0.0,2.22594392,2,0
512KB,524288,0.0,2.245135325,2,0
768KB,786432,0.0,2.216611041,2,0
1MB,1048576,0.0,2.213971761,2,0
1.5MB,1572864,0.0,2.207567497,2,0
2MB,2097152,0.0,2.227282709,2,0
3MB,3145728,0.0,2.230512822,2,0
4MB,4194304,0.0,2.241789514,2,0
6MB,6291456,0.0,2.252441867,2,0
