label,join_buffer_size_bytes,spill_ratio,duration_s,optimistic_count,spill_count
256KB,262144,0.5,48.675523731,2,1
384KB,393216,0.5,50.42721672,2,1
512KB,524288,0.5,47.552868472,2,1
768KB,786432,0.5,40.371597669,2,1
1MB,1048576,0.5,37.343253511,2,1
1.5MB,1572864,0.5,34.424720633,2,1
2MB,2097152,0.0,25.320750984,2,0
3MB,3145728,0.0,25.862060956,2,0
4MB,4194304,0.0,26.034372064,2,0
6MB,6291456,0.0,25.921050465,2,0
