label,join_buffer_size_bytes,spill_ratio,duration_s,optimistic_count,spill_count
256KB,262144,0.5,23.726368987,2,1
384KB,393216,0.5,23.728416374,2,1
512KB,524288,0.5,23.697880236,2,1
768KB,786432,0.0,23.682358599,2,0
1MB,1048576,0.0,23.851216049,2,0
1.5MB,1572864,0.0,23.964555417,2,0
2MB,2097152,0.0,23.878973737,2,0
3MB,3145728,0.0,23.819654783,2,0
4MB,4194304,0.0,23.881583624,2,0
6MB,6291456,0.0,23.708002457,2,0
