label,join_buffer_size_bytes,spill_ratio,duration_s,optimistic_count,spill_count
256KB,262144,0.5,112.004873421,2,1
384KB,393216,0.5,104.100463106,2,1
512KB,524288,0.5,101.201720012,2,1
768KB,786432,0.5,96.105772416,2,1
1MB,1048576,0.5,98.525213435,2,1
1.5MB,1572864,0.5,100.509822411,2,1
2MB,2097152,0.5,101.112175215,2,1
3MB,3145728,0.5,96.531272331,2,1
4MB,4194304,0.5,101.513271893,2,1
6MB,6291456,0.5,101.974040503,2,1
