label,join_buffer_size_bytes,spill_ratio,duration_s,optimistic_count,spill_count
256KB,262144,0.5,29.924072097,2,1
384KB,393216,0.5,29.652714047,2,1
512KB,524288,0.5,29.502269611,2,1
768KB,786432,0.5,29.437763409,2,1
1MB,1048576,0.5,30.011124815,2,1
1.5MB,1572864,0.5,30.20294481,2,1
2MB,2097152,0.5,29.837454105,2,1
3MB,3145728,0.5,29.128612029,2,1
4MB,4194304,0.5,29.290066652,2,1
6MB,6291456,0.5,29.287337226,2,1
