label,join_buffer_size_bytes,spill_ratio,spill_count,optimistic_count,optimism_level,duration_s
18a,2097152,0.0,0,0,0.0,2.980588951
18a,2097152,0.0,0,0,0.0,2.977822595
18a,2097152,0.0,0,0,0.0,2.946311133
18a,2097152,0.0,0,0,0.0,2.965104466
18a,2097152,0.0,0,0,0.0,2.97203462
18a,2097152,0.0,0,0,0.0,3.051086754
18a,2097152,0.0,0,0,0.0,2.965930974
