label,join_buffer_size_bytes,spill_ratio,spill_count,optimistic_count,optimism_level,duration_s
10c,2097152,0.0,0,0,0.0,60.816107188
10c,2097152,0.0,0,0,0.0,60.896635219
10c,2097152,0.0,0,0,0.0,60.467551405
10c,2097152,0.0,0,0,0.0,60.771707903
10c,2097152,0.0,0,0,0.0,61.153965555
10c,2097152,0.0,0,0,0.0,60.768400444
10c,2097152,0.0,0,0,0.0,60.926711159999996
