label,join_buffer_size_bytes,spill_ratio,spill_count,optimistic_count,optimism_level,duration_s
22c,2097152,0.0,0,0,0.0,21.671616506
22c,2097152,0.0,0,0,0.0,21.73630687
22c,2097152,0.0,0,0,0.0,21.710707672
22c,2097152,0.0,0,0,0.0,21.713095104
22c,2097152,0.0,0,0,0.0,21.778373638
22c,2097152,0.0,0,0,0.0,21.728842803
22c,2097152,0.0,0,0,0.0,21.743412132
