label,join_buffer_size_bytes,spill_ratio,spill_count,optimistic_count,optimism_level,duration_s
19a,2097152,0.0,0,0,0.0,22.662447118
19a,2097152,0.0,0,0,0.0,22.477932102
19a,2097152,0.0,0,0,0.0,22.602007633
19a,2097152,0.0,0,0,0.0,22.566307128
19a,2097152,0.0,0,0,0.0,23.069375629
19a,2097152,0.0,0,0,0.0,23.401041018
19a,2097152,0.0,0,0,0.0,22.606861427
