label,join_buffer_size_bytes,spill_ratio,spill_count,optimistic_count,optimism_level,duration_s
3b,2097152,0.0,0,0,0.0,0.250285147
3b,2097152,0.0,0,0,0.0,0.255423624
3b,2097152,0.0,0,0,0.0,0.25172647
3b,2097152,0.0,0,0,0.0,0.252127494
3b,2097152,0.0,0,0,0.0,0.250964129
3b,2097152,0.0,0,0,0.0,0.252000054
3b,2097152,0.0,0,0,0.0,0.260993545
