label,join_buffer_size_bytes,spill_ratio,spill_count,optimistic_count,optimism_level,duration_s
31b,2097152,0.0,0,0,0.0,2.027693133
31b,2097152,0.0,0,0,0.0,2.019332661
31b,2097152,0.0,0,0,0.0,2.014811775
31b,2097152,0.0,0,0,0.0,2.021012845
31b,2097152,0.0,0,0,0.0,2.004149558
31b,2097152,0.0,0,0,0.0,2.043240461
31b,2097152,0.0,0,0,0.0,2.020628958
