label,join_buffer_size_bytes,spill_ratio,spill_count,optimistic_count,optimism_level,duration_s
25b,2097152,0.0,0,0,0.0,1.889689664
25b,2097152,0.0,0,0,0.0,1.9058184900000001
25b,2097152,0.0,0,0,0.0,1.895300416
25b,2097152,0.0,0,0,0.0,1.917924558
25b,2097152,0.0,0,0,0.0,1.877564582
25b,2097152,0.0,0,0,0.0,1.887149132
25b,2097152,0.0,0,0,0.0,1.89197179
