label,join_buffer_size_bytes,spill_ratio,spill_count,optimistic_count,optimism_level,duration_s
21b,2097152,0.0,0,0,0.0,0.077376432
21b,2097152,0.0,0,0,0.0,0.075077484
21b,2097152,0.0,0,0,0.0,0.076013178
21b,2097152,0.0,0,0,0.0,0.075295042
21b,2097152,0.0,0,0,0.0,0.075336814
21b,2097152,0.0,0,0,0.0,0.075370984
21b,2097152,0.0,0,0,0.0,0.075664069
