label,join_buffer_size_bytes,spill_ratio,spill_count,optimistic_count,optimism_level,duration_s
26a,2097152,0.0,0,0,0.0,1.392048064
26a,2097152,0.0,0,0,0.0,1.368215667
26a,2097152,0.0,0,0,0.0,1.370239427
26a,2097152,0.0,0,0,0.0,1.375854118
26a,2097152,0.0,0,0,0.0,1.365075674
26a,2097152,0.0,0,0,0.0,1.371685478
26a,2097152,0.0,0,0,0.0,1.383261168
