label,join_buffer_size_bytes,spill_ratio,spill_count,optimistic_count,optimism_level,duration_s
6a,2097152,0.0,0,0,0.0,2.90078866
6a,2097152,0.0,0,0,0.0,2.884547615
6a,2097152,0.0,0,0,0.0,2.878143488
6a,2097152,0.0,0,0,0.0,2.909389939
6a,2097152,0.0,0,0,0.0,2.8587174859999998
6a,2097152,0.0,0,0,0.0,2.889782177
6a,2097152,0.0,0,0,0.0,2.904885705
