label,join_buffer_size_bytes,spill_ratio,spill_count,optimistic_count,optimism_level,duration_s
3c,2097152,0.0,0,0,0.0,0.79922214
3c,2097152,0.0,0,0,0.0,0.797238394
3c,2097152,0.0,0,0,0.0,0.803032653
3c,2097152,0.0,0,0,0.0,0.806515781
3c,2097152,0.0,0,0,0.0,0.796260734
3c,2097152,0.0,0,0,0.0,0.806101274
3c,2097152,0.0,0,0,0.0,0.800515858
