label,join_buffer_size_bytes,spill_ratio,spill_count,optimistic_count,optimism_level,duration_s
8a,2097152,0.0,0,0,0.0,4.601024897
8a,2097152,0.0,0,0,0.0,4.599262148
8a,2097152,0.0,0,0,0.0,4.601113677
8a,2097152,0.0,0,0,0.0,4.580399048
8a,2097152,0.0,0,0,0.0,4.624385322
8a,2097152,0.0,0,0,0.0,4.586032862
8a,2097152,0.0,0,0,0.0,4.591380374
