label,join_buffer_size_bytes,spill_ratio,spill_count,optimistic_count,optimism_level,duration_s
18c,2097152,0.0,0,0,0.0,27.085294405
18c,2097152,0.0,0,0,0.0,27.359827727
18c,2097152,0.0,0,0,0.0,27.100664746
18c,2097152,0.0,0,0,0.0,26.996550439
18c,2097152,0.0,0,0,0.0,27.205268818
18c,2097152,0.0,0,0,0.0,27.053746066
18c,2097152,0.0,0,0,0.0,26.942299257
