label,join_buffer_size_bytes,spill_ratio,spill_count,optimistic_count,optimism_level,duration_s
6c,2097152,0.0,0,0,0.0,2.893478777
6c,2097152,0.0,0,0,0.0,2.896737887
6c,2097152,0.0,0,0,0.0,2.909426943
6c,2097152,0.0,0,0,0.0,2.882188369
6c,2097152,0.0,0,0,0.0,2.880732103
6c,2097152,0.0,0,0,0.0,2.885713406
6c,2097152,0.0,0,0,0.0,2.8775362490000003
