label,join_buffer_size_bytes,spill_ratio,spill_count,optimistic_count,optimism_level,duration_s
16c,2097152,0.0,0,0,0.0,0.124541207
16c,2097152,0.0,0,0,0.0,0.125012512
16c,2097152,0.0,0,0,0.0,0.123149753
16c,2097152,0.0,0,0,0.0,0.123378015
16c,2097152,0.0,0,0,0.0,0.12212423
16c,2097152,0.0,0,0,0.0,0.123738346
16c,2097152,0.0,0,0,0.0,0.123648688
