label,join_buffer_size_bytes,spill_ratio,spill_count,optimistic_count,optimism_level,duration_s
22b,2097152,0.0,0,0,0.0,1.956098306
22b,2097152,0.0,0,0,0.0,1.967694211
22b,2097152,0.0,0,0,0.0,1.965130692
22b,2097152,0.0,0,0,0.0,1.960454497
22b,2097152,0.0,0,0,0.0,1.961186444
22b,2097152,0.0,0,0,0.0,1.9547729390000002
22b,2097152,0.0,0,0,0.0,1.9548930759999998
