label,join_buffer_size_bytes,spill_ratio,spill_count,optimistic_count,optimism_level,duration_s
9c,2097152,0.0,0,0,0.0,3.124856013
9c,2097152,0.0,0,0,0.0,3.106464426
9c,2097152,0.0,0,0,0.0,3.128106394
9c,2097152,0.0,0,0,0.0,3.134069811
9c,2097152,0.0,0,0,0.0,3.137062647
9c,2097152,0.0,0,0,0.0,3.132306336
9c,2097152,0.0,0,0,0.0,3.092476927
