label,join_buffer_size_bytes,spill_ratio,spill_count,optimistic_count,optimism_level,duration_s
8b,2097152,0.0,0,0,0.0,0.504241706
8b,2097152,0.0,0,0,0.0,0.51097486
8b,2097152,0.0,0,0,0.0,0.510136213
8b,2097152,0.0,0,0,0.0,0.524926495
8b,2097152,0.0,0,0,0.0,0.518923885
8b,2097152,0.0,0,0,0.0,0.512315171
8b,2097152,0.0,0,0,0.0,0.506943511
