label,join_buffer_size_bytes,spill_ratio,spill_count,optimistic_count,optimism_level,duration_s
1c,2097152,0.0,0,0,0.0,0.07697531
1c,2097152,0.0,0,0,0.0,0.075403473
1c,2097152,0.0,0,0,0.0,0.075470517
1c,2097152,0.0,0,0,0.0,0.077776754
1c,2097152,0.0,0,0,0.0,0.076766721
1c,2097152,0.0,0,0,0.0,0.078106876
1c,2097152,0.0,0,0,0.0,0.075957368
