label,join_buffer_size_bytes,spill_ratio,spill_count,optimistic_count,optimism_level,duration_s
11a,2097152,0.0,0,0,0.0,0.077267786
11a,2097152,0.0,0,0,0.0,0.120161913
11a,2097152,0.0,0,0,0.0,0.079176085
11a,2097152,0.0,0,0,0.0,0.076655326
11a,2097152,0.0,0,0,0.0,0.075969884
11a,2097152,0.0,0,0,0.0,0.07573199
11a,2097152,0.0,0,0,0.0,0.076875326
