label,join_buffer_size_bytes,spill_ratio,spill_count,optimistic_count,optimism_level,duration_s
16a,2097152,0.0,0,0,0.0,0.12259977
16a,2097152,0.0,0,0,0.0,0.121652492
16a,2097152,0.0,0,0,0.0,0.123646021
16a,2097152,0.0,0,0,0.0,0.121322025
16a,2097152,0.0,0,0,0.0,0.125685102
16a,2097152,0.0,0,0,0.0,0.123450405
16a,2097152,0.0,0,0,0.0,0.123262108
