label,join_buffer_size_bytes,spill_ratio,spill_count,optimistic_count,optimism_level,duration_s
28b,2097152,0.0,0,0,0.0,0.696736133
28b,2097152,0.0,0,0,0.0,0.696089181
28b,2097152,0.0,0,0,0.0,0.695865406
28b,2097152,0.0,0,0,0.0,0.692533115
28b,2097152,0.0,0,0,0.0,0.698892976
28b,2097152,0.0,0,0,0.0,0.696625904
28b,2097152,0.0,0,0,0.0,0.698819586
