label,join_buffer_size_bytes,spill_ratio,spill_count,optimistic_count,optimism_level,duration_s
24a,2097152,0.0,0,0,0.0,3.209843631
24a,2097152,0.0,0,0,0.0,3.119049748
24a,2097152,0.0,0,0,0.0,3.15176872
24a,2097152,0.0,0,0,0.0,3.140931994
24a,2097152,0.0,0,0,0.0,3.125081873
24a,2097152,0.0,0,0,0.0,3.136046643
24a,2097152,0.0,0,0,0.0,3.124956494
