label,join_buffer_size_bytes,spill_ratio,spill_count,optimistic_count,optimism_level,duration_s
23c,2097152,0.0,0,0,0.0,8.527385755
23c,2097152,0.0,0,0,0.0,8.535296189
23c,2097152,0.0,0,0,0.0,8.54523811
23c,2097152,0.0,0,0,0.0,8.530649062
23c,2097152,0.0,0,0,0.0,8.521488875
23c,2097152,0.0,0,0,0.0,8.553417132
23c,2097152,0.0,0,0,0.0,8.51726446
