label,join_buffer_size_bytes,spill_ratio,spill_count,optimistic_count,optimism_level,duration_s
20a,2097152,0.0,0,0,0.0,6.29393061
20a,2097152,0.0,0,0,0.0,6.243182599
20a,2097152,0.0,0,0,0.0,6.274518911
20a,2097152,0.0,0,0,0.0,6.268229059
20a,2097152,0.0,0,0,0.0,6.235223017
20a,2097152,0.0,0,0,0.0,6.229926254
20a,2097152,0.0,0,0,0.0,6.355196033
