label,join_buffer_size_bytes,spill_ratio,spill_count,optimistic_count,optimism_level,duration_s
13b,2097152,0.0,0,0,0.0,2.050640471
13b,2097152,0.0,0,0,0.0,2.057831356
13b,2097152,0.0,0,0,0.0,2.051173253
13b,2097152,0.0,0,0,0.0,2.049342707
13b,2097152,0.0,0,0,0.0,2.058663789
13b,2097152,0.0,0,0,0.0,2.052033985
13b,2097152,0.0,0,0,0.0,2.053341323
