label,join_buffer_size_bytes,spill_ratio,spill_count,optimistic_count,optimism_level,duration_s
11b,2097152,0.0,0,0,0.0,0.059714916
11b,2097152,0.0,0,0,0.0,0.060017425
11b,2097152,0.0,0,0,0.0,0.060778176
11b,2097152,0.0,0,0,0.0,0.061447525
11b,2097152,0.0,0,0,0.0,0.059665695
11b,2097152,0.0,0,0,0.0,0.063237872
11b,2097152,0.0,0,0,0.0,0.062343748
