label,join_buffer_size_bytes,spill_ratio,spill_count,optimistic_count,optimism_level,duration_s
17b,2097152,0.0,0,0,0.0,1.505089126
17b,2097152,0.0,0,0,0.0,1.48844243
17b,2097152,0.0,0,0,0.0,1.49384108
17b,2097152,0.0,0,0,0.0,1.510949671
17b,2097152,0.0,0,0,0.0,1.505963191
17b,2097152,0.0,0,0,0.0,1.5131991519999999
17b,2097152,0.0,0,0,0.0,1.5060743410000001
