label,join_buffer_size_bytes,spill_ratio,spill_count,optimistic_count,optimism_level,duration_s
14c,2097152,0.0,0,0,0.0,7.105686501
14c,2097152,0.0,0,0,0.0,7.128934751
14c,2097152,0.0,0,0,0.0,7.125517394
14c,2097152,0.0,0,0,0.0,7.127451311
14c,2097152,0.0,0,0,0.0,7.108391822
14c,2097152,0.0,0,0,0.0,7.195895562
14c,2097152,0.0,0,0,0.0,7.275380384
