label,join_buffer_size_bytes,spill_ratio,spill_count,optimistic_count,optimism_level,duration_s
26b,2097152,0.0,0,0,0.0,0.685867007
26b,2097152,0.0,0,0,0.0,0.696653955
26b,2097152,0.0,0,0,0.0,0.692757258
26b,2097152,0.0,0,0,0.0,0.685809393
26b,2097152,0.0,0,0,0.0,0.691191632
26b,2097152,0.0,0,0,0.0,0.695552922
26b,2097152,0.0,0,0,0.0,0.701677317
