label,join_buffer_size_bytes,spill_ratio,spill_count,optimistic_count,optimism_level,duration_s
2d,2097152,0.0,0,0,0.0,0.128567201
2d,2097152,0.0,0,0,0.0,0.130455748
2d,2097152,0.0,0,0,0.0,0.129621549
2d,2097152,0.0,0,0,0.0,0.12943318
2d,2097152,0.0,0,0,0.0,0.131184786
2d,2097152,0.0,0,0,0.0,0.130987367
2d,2097152,0.0,0,0,0.0,0.128185869
