label,join_buffer_size_bytes,spill_ratio,spill_count,optimistic_count,optimism_level,duration_s
15b,2097152,0.0,0,0,0.0,0.245990966
15b,2097152,0.0,0,0,0.0,0.243470799
15b,2097152,0.0,0,0,0.0,0.246770849
15b,2097152,0.0,0,0,0.0,0.245487386
15b,2097152,0.0,0,0,0.0,0.240808967
15b,2097152,0.0,0,0,0.0,0.242376864
15b,2097152,0.0,0,0,0.0,0.24629426
