label,join_buffer_size_bytes,spill_ratio,spill_count,optimistic_count,optimism_level,duration_s
29c,2097152,0.0,0,0,0.0,5.085339681
29c,2097152,0.0,0,0,0.0,5.106477505
29c,2097152,0.0,0,0,0.0,5.10092536
29c,2097152,0.0,0,0,0.0,5.125793655
29c,2097152,0.0,0,0,0.0,5.125747179
29c,2097152,0.0,0,0,0.0,5.105000504
29c,2097152,0.0,0,0,0.0,5.08335571
