label,join_buffer_size_bytes,spill_ratio,spill_count,optimistic_count,optimism_level,duration_s
32a,2097152,0.0,0,0,0.0,0.12167762
32a,2097152,0.0,0,0,0.0,0.131336931
32a,2097152,0.0,0,0,0.0,0.12097707
32a,2097152,0.0,0,0,0.0,0.120702512
32a,2097152,0.0,0,0,0.0,0.131420804
32a,2097152,0.0,0,0,0.0,0.120421772
32a,2097152,0.0,0,0,0.0,0.121123819
