label,join_buffer_size_bytes,spill_ratio,spill_count,optimistic_count,optimism_level,duration_s
27c,2097152,0.0,0,0,0.0,0.103092302
27c,2097152,0.0,0,0,0.0,0.099435988
27c,2097152,0.0,0,0,0.0,0.103483664
27c,2097152,0.0,0,0,0.0,0.097471292
27c,2097152,0.0,0,0,0.0,0.101062559
27c,2097152,0.0,0,0,0.0,0.099044767
27c,2097152,0.0,0,0,0.0,0.09845127
