label,join_buffer_size_bytes,spill_ratio,spill_count,optimistic_count,optimism_level,duration_s
15a,2097152,0.0,0,0,0.0,3.742342047
15a,2097152,0.0,0,0,0.0,3.733419669
15a,2097152,0.0,0,0,0.0,3.77858249
15a,2097152,0.0,0,0,0.0,3.735565018
15a,2097152,0.0,0,0,0.0,3.73257983
15a,2097152,0.0,0,0,0.0,3.755978829
15a,2097152,0.0,0,0,0.0,3.729978039
