label,join_buffer_size_bytes,spill_ratio,spill_count,optimistic_count,optimism_level,duration_s
25c,2097152,0.0,0,0,0.0,30.375975316
25c,2097152,0.0,0,0,0.0,30.204795481
25c,2097152,0.0,0,0,0.0,30.357786065
25c,2097152,0.0,0,0,0.0,30.273640775
25c,2097152,0.0,0,0,0.0,30.080983326
25c,2097152,0.0,0,0,0.0,30.355093439
25c,2097152,0.0,0,0,0.0,30.128599246
