label,join_buffer_size_bytes,spill_ratio,spill_count,optimistic_count,optimism_level,duration_s
17c,2097152,0.0,0,0,0.0,1.50987663
17c,2097152,0.0,0,0,0.0,1.490925773
17c,2097152,0.0,0,0,0.0,1.491411791
17c,2097152,0.0,0,0,0.0,1.513764382
17c,2097152,0.0,0,0,0.0,1.491301017
17c,2097152,0.0,0,0,0.0,1.495031452
17c,2097152,0.0,0,0,0.0,1.493787765
