label,join_buffer_size_bytes,spill_ratio,spill_count,optimistic_count,optimism_level,duration_s
1b,2097152,0.0,0,0,0.0,0.057836095
1b,2097152,0.0,0,0,0.0,0.056420536
1b,2097152,0.0,0,0,0.0,0.0575383
1b,2097152,0.0,0,0,0.0,0.056333801
1b,2097152,0.0,0,0,0.0,0.056376823
1b,2097152,0.0,0,0,0.0,0.056816687
1b,2097152,0.0,0,0,0.0,0.057600286
