label,join_buffer_size_bytes,spill_ratio,spill_count,optimistic_count,optimism_level,duration_s
4b,2097152,0.0,0,0,0.0,0.910357941
4b,2097152,0.0,0,0,0.0,0.91913728
4b,2097152,0.0,0,0,0.0,0.911541151
4b,2097152,0.0,0,0,0.0,0.908914659
4b,2097152,0.0,0,0,0.0,0.908437839
4b,2097152,0.0,0,0,0.0,0.91051643
4b,2097152,0.0,0,0,0.0,0.913657337
