label,join_buffer_size_bytes,spill_ratio,spill_count,optimistic_count,optimism_level,duration_s
7c,2097152,0.0,0,0,0.0,9.652081821
7c,2097152,0.0,0,0,0.0,9.703441243
7c,2097152,0.0,0,0,0.0,9.602605786
7c,2097152,0.0,0,0,0.0,9.67271162
7c,2097152,0.0,0,0,0.0,9.739046811
7c,2097152,0.0,0,0,0.0,9.590293676
7c,2097152,0.0,0,0,0.0,9.635778941
