label,join_buffer_size_bytes,spill_ratio,spill_count,optimistic_count,optimism_level,duration_s
12a,2097152,0.0,0,0,0.0,1.313303254
12a,2097152,0.0,0,0,0.0,1.320541678
12a,2097152,0.0,0,0,0.0,1.324040107
12a,2097152,0.0,0,0,0.0,1.315872969
12a,2097152,0.0,0,0,0.0,1.3288932980000001
12a,2097152,0.0,0,0,0.0,1.336152374
12a,2097152,0.0,0,0,0.0,1.314344456
