label,join_buffer_size_bytes,spill_ratio,spill_count,optimistic_count,optimism_level,duration_s
7a,2097152,0.0,0,0,0.0,1.012183651
7a,2097152,0.0,0,0,0.0,1.006830905
7a,2097152,0.0,0,0,0.0,1.022891388
7a,2097152,0.0,0,0,0.0,1.014947768
7a,2097152,0.0,0,0,0.0,1.008210088
7a,2097152,0.0,0,0,0.0,1.019012194
7a,2097152,0.0,0,0,0.0,1.017877702
