label,join_buffer_size_bytes,spill_ratio,spill_count,optimistic_count,optimism_level,duration_s
2a,2097152,0.0,0,0,0.0,0.127414568
2a,2097152,0.0,0,0,0.0,0.128040798
2a,2097152,0.0,0,0,0.0,0.127946902
2a,2097152,0.0,0,0,0.0,0.126381637
2a,2097152,0.0,0,0,0.0,0.12856278
2a,2097152,0.0,0,0,0.0,0.130979967
2a,2097152,0.0,0,0,0.0,0.126900787
