label,join_buffer_size_bytes,spill_ratio,spill_count,optimistic_count,optimism_level,duration_s
20c,2097152,0.0,0,0,0.0,2.209046561
20c,2097152,0.0,0,0,0.0,2.19288978
20c,2097152,0.0,0,0,0.0,2.19673565
20c,2097152,0.0,0,0,0.0,2.20008089
20c,2097152,0.0,0,0,0.0,2.203493168
20c,2097152,0.0,0,0,0.0,2.208943022
20c,2097152,0.0,0,0,0.0,2.202828433
