label,join_buffer_size_bytes,spill_ratio,spill_count,optimistic_count,optimism_level,duration_s
4c,2097152,0.0,0,0,0.0,9.367500387
4c,2097152,0.0,0,0,0.0,8.999918609
4c,2097152,0.0,0,0,0.0,9.284278294
4c,2097152,0.0,0,0,0.0,9.217055542
4c,2097152,0.0,0,0,0.0,8.942218114
4c,2097152,0.0,0,0,0.0,9.256169784
4c,2097152,0.0,0,0,0.0,9.278029727
