label,join_buffer_size_bytes,spill_ratio,spill_count,optimistic_count,optimism_level,duration_s
27a,2097152,0.0,0,0,0.0,0.097571873
27a,2097152,0.0,0,0,0.0,0.096593875
27a,2097152,0.0,0,0,0.0,0.096390853
27a,2097152,0.0,0,0,0.0,0.096261489
27a,2097152,0.0,0,0,0.0,0.096869762
27a,2097152,0.0,0,0,0.0,0.097673934
27a,2097152,0.0,0,0,0.0,0.097888456
