label,join_buffer_size_bytes,spill_ratio,spill_count,optimistic_count,optimism_level,duration_s
13d,2097152,0.0,0,0,0.0,16.050340528
13d,2097152,0.0,0,0,0.0,16.014240997
13d,2097152,0.0,0,0,0.0,16.031660311
13d,2097152,0.0,0,0,0.0,16.132229774
13d,2097152,0.0,0,0,0.0,15.898100067
13d,2097152,0.0,0,0,0.0,15.859751305
13d,2097152,0.0,0,0,0.0,16.170699535
