label,join_buffer_size_bytes,spill_ratio,spill_count,optimistic_count,optimism_level,duration_s
15d,2097152,0.0,0,0,0.0,54.332234341
15d,2097152,0.0,0,0,0.0,54.39461884
15d,2097152,0.0,0,0,0.0,54.22770553
15d,2097152,0.0,0,0,0.0,54.330646772
15d,2097152,0.0,0,0,0.0,54.131624025
15d,2097152,0.0,0,0,0.0,54.313447012
15d,2097152,0.0,0,0,0.0,53.978941099
