label,join_buffer_size_bytes,spill_ratio,spill_count,optimistic_count,optimism_level,duration_s
16b,2097152,0.0,0,0,0.0,0.127769612
16b,2097152,0.0,0,0,0.0,0.129125041
16b,2097152,0.0,0,0,0.0,0.127504149
16b,2097152,0.0,0,0,0.0,0.134201754
16b,2097152,0.0,0,0,0.0,0.129166369
16b,2097152,0.0,0,0,0.0,0.128045522
16b,2097152,0.0,0,0,0.0,0.13021935
