label,join_buffer_size_bytes,spill_ratio,spill_count,optimistic_count,optimism_level,duration_s
25a,2097152,0.0,0,0,0.0,17.106351439
25a,2097152,0.0,0,0,0.0,17.012724323
25a,2097152,0.0,0,0,0.0,16.970316044
25a,2097152,0.0,0,0,0.0,17.090467637
25a,2097152,0.0,0,0,0.0,17.098937219
25a,2097152,0.0,0,0,0.0,17.088868979
25a,2097152,0.0,0,0,0.0,17.156998643
