label,join_buffer_size_bytes,spill_ratio,spill_count,optimistic_count,optimism_level,duration_s
7b,2097152,0.0,0,0,0.0,0.368323558
7b,2097152,0.0,0,0,0.0,0.361652142
7b,2097152,0.0,0,0,0.0,0.373825227
7b,2097152,0.0,0,0,0.0,0.366924739
7b,2097152,0.0,0,0,0.0,0.371758649
7b,2097152,0.0,0,0,0.0,0.363685348
7b,2097152,0.0,0,0,0.0,0.374027417
