label,join_buffer_size_bytes,spill_ratio,spill_count,optimistic_count,optimism_level,duration_s
29b,2097152,0.0,0,0,0.0,0.470479191
29b,2097152,0.0,0,0,0.0,0.474450313
29b,2097152,0.0,0,0,0.0,0.467930658
29b,2097152,0.0,0,0,0.0,0.471425431
29b,2097152,0.0,0,0,0.0,0.475488971
29b,2097152,0.0,0,0,0.0,0.470491684
29b,2097152,0.0,0,0,0.0,0.472460576
