label,join_buffer_size_bytes,spill_ratio,spill_count,optimistic_count,optimism_level,duration_s
9d,2097152,0.0,0,0,0.0,2.6562298
9d,2097152,0.0,0,0,0.0,2.627489303
9d,2097152,0.0,0,0,0.0,2.6555179300000002
9d,2097152,0.0,0,0,0.0,2.632732665
9d,2097152,0.0,0,0,0.0,2.646228369
9d,2097152,0.0,0,0,0.0,2.657093872
9d,2097152,0.0,0,0,0.0,2.620559754
