label,join_buffer_size_bytes,spill_ratio,spill_count,optimistic_count,optimism_level,duration_s
5b,2097152,0.0,0,0,0.0,1.847726306
5b,2097152,0.0,0,0,0.0,1.830507157
5b,2097152,0.0,0,0,0.0,1.81259445
5b,2097152,0.0,0,0,0.0,1.823912525
5b,2097152,0.0,0,0,0.0,1.827751067
5b,2097152,0.0,0,0,0.0,1.845709889
5b,2097152,0.0,0,0,0.0,1.846801403
