label,join_buffer_size_bytes,spill_ratio,spill_count,optimistic_count,optimism_level,duration_s
19d,2097152,0.0,0,0,0.0,2.806356358
19d,2097152,0.0,0,0,0.0,2.833183774
19d,2097152,0.0,0,0,0.0,2.809185233
19d,2097152,0.0,0,0,0.0,2.790450386
19d,2097152,0.0,0,0,0.0,2.834586394
19d,2097152,0.0,0,0,0.0,2.811523068
19d,2097152,0.0,0,0,0.0,2.8234418850000003
