label,join_buffer_size_bytes,spill_ratio,spill_count,optimistic_count,optimism_level,duration_s
29a,2097152,0.0,0,0,0.0,0.515317496
29a,2097152,0.0,0,0,0.0,0.515216539
29a,2097152,0.0,0,0,0.0,0.510234245
29a,2097152,0.0,0,0,0.0,0.515079069
29a,2097152,0.0,0,0,0.0,0.514413541
29a,2097152,0.0,0,0,0.0,0.51025699
29a,2097152,0.0,0,0,0.0,0.520866932
