label,join_buffer_size_bytes,spill_ratio,spill_count,optimistic_count,optimism_level,duration_s
12c,2097152,0.0,0,0,0.0,4.331193198
12c,2097152,0.0,0,0,0.0,4.342726015
12c,2097152,0.0,0,0,0.0,4.33297951
12c,2097152,0.0,0,0,0.0,4.330878616
12c,2097152,0.0,0,0,0.0,4.325580878
12c,2097152,0.0,0,0,0.0,4.345598575
12c,2097152,0.0,0,0,0.0,4.337529401
