label,join_buffer_size_bytes,spill_ratio,spill_count,optimistic_count,optimism_level,duration_s
27b,2097152,0.0,0,0,0.0,0.095163575
27b,2097152,0.0,0,0,0.0,0.09441005
27b,2097152,0.0,0,0,0.0,0.09595837
27b,2097152,0.0,0,0,0.0,0.095633699
27b,2097152,0.0,0,0,0.0,0.095235089
27b,2097152,0.0,0,0,0.0,0.095002553
27b,2097152,0.0,0,0,0.0,0.094832194
