label,join_buffer_size_bytes,spill_ratio,spill_count,optimistic_count,optimism_level,duration_s
10a,2097152,0.0,0,0,0.0,0.879432281
10a,2097152,0.0,0,0,0.0,0.880799352
10a,2097152,0.0,0,0,0.0,0.883703571
10a,2097152,0.0,0,0,0.0,0.885162867
10a,2097152,0.0,0,0,0.0,0.879722088
10a,2097152,0.0,0,0,0.0,0.891593979
10a,2097152,0.0,0,0,0.0,0.881576864
