label,join_buffer_size_bytes,spill_ratio,spill_count,optimistic_count,optimism_level,duration_s
3a,2097152,0.0,0,0,0.0,0.405385295
3a,2097152,0.0,0,0,0.0,0.408088092
3a,2097152,0.0,0,0,0.0,0.40812877
3a,2097152,0.0,0,0,0.0,0.40631031
3a,2097152,0.0,0,0,0.0,0.407565304
3a,2097152,0.0,0,0,0.0,0.413161943
3a,2097152,0.0,0,0,0.0,0.40638721
