label,join_buffer_size_bytes,spill_ratio,spill_count,optimistic_count,optimism_level,duration_s
22d,2097152,0.0,0,0,0.0,7.676317286
22d,2097152,0.0,0,0,0.0,7.6375543740000005
22d,2097152,0.0,0,0,0.0,7.569218595
22d,2097152,0.0,0,0,0.0,7.669383506
22d,2097152,0.0,0,0,0.0,7.588461994
22d,2097152,0.0,0,0,0.0,7.599727959
22d,2097152,0.0,0,0,0.0,7.682788643
