label,join_buffer_size_bytes,spill_ratio,spill_count,optimistic_count,optimism_level,duration_s
31c,2097152,0.0,0,0,0.0,5.791631106
31c,2097152,0.0,0,0,0.0,5.8504073640000005
31c,2097152,0.0,0,0,0.0,5.851932981
31c,2097152,0.0,0,0,0.0,5.800304682
31c,2097152,0.0,0,0,0.0,5.836413863
31c,2097152,0.0,0,0,0.0,5.9052485059999995
31c,2097152,0.0,0,0,0.0,5.797600293
