label,join_buffer_size_bytes,spill_ratio,spill_count,optimistic_count,optimism_level,duration_s
33b,2097152,0.0,0,0,0.0,0.095530029
33b,2097152,0.0,0,0,0.0,0.096264099
33b,2097152,0.0,0,0,0.0,0.09505627
33b,2097152,0.0,0,0,0.0,0.096111695
33b,2097152,0.0,0,0,0.0,0.096112494
33b,2097152,0.0,0,0,0.0,0.095356804
33b,2097152,0.0,0,0,0.0,0.097178847
