label,join_buffer_size_bytes,spill_ratio,spill_count,optimistic_count,optimism_level,duration_s
18b,2097152,0.0,0,0,0.0,1.176514735
18b,2097152,0.0,0,0,0.0,1.194889203
18b,2097152,0.0,0,0,0.0,1.184344013
18b,2097152,0.0,0,0,0.0,1.172121755
18b,2097152,0.0,0,0,0.0,1.178042175
18b,2097152,0.0,0,0,0.0,1.190221929
18b,2097152,0.0,0,0,0.0,1.171896263
