label,join_buffer_size_bytes,spill_ratio,spill_count,optimistic_count,optimism_level,duration_s
6d,2097152,0.0,0,0,0.0,3.105178783
6d,2097152,0.0,0,0,0.0,3.091211128
6d,2097152,0.0,0,0,0.0,3.072135394
6d,2097152,0.0,0,0,0.0,3.074213712
6d,2097152,0.0,0,0,0.0,3.084114757
6d,2097152,0.0,0,0,0.0,3.059779656
6d,2097152,0.0,0,0,0.0,3.088030889
