label,join_buffer_size_bytes,spill_ratio,spill_count,optimistic_count,optimism_level,duration_s
17d,2097152,0.0,0,0,0.0,0.348026809
17d,2097152,0.0,0,0,0.0,0.350070731
17d,2097152,0.0,0,0,0.0,0.358536298
17d,2097152,0.0,0,0,0.0,0.351132363
17d,2097152,0.0,0,0,0.0,0.347789382
17d,2097152,0.0,0,0,0.0,0.354347341
17d,2097152,0.0,0,0,0.0,0.353432093
