label,join_buffer_size_bytes,spill_ratio,spill_count,optimistic_count,optimism_level,duration_s
8c,2097152,0.0,0,0,0.0,25.976984136
8c,2097152,0.0,0,0,0.0,25.688686109
8c,2097152,0.0,0,0,0.0,26.961459673
8c,2097152,0.0,0,0,0.0,27.021228324
8c,2097152,0.0,0,0,0.0,26.709859592
8c,2097152,0.0,0,0,0.0,26.48062281
8c,2097152,0.0,0,0,0.0,27.487926209
