label,join_buffer_size_bytes,spill_ratio,spill_count,optimistic_count,optimism_level,duration_s
11d,2097152,0.0,0,0,0.0,1.103260283
11d,2097152,0.0,0,0,0.0,1.123850077
11d,2097152,0.0,0,0,0.0,1.11394824
11d,2097152,0.0,0,0,0.0,1.109969191
11d,2097152,0.0,0,0,0.0,1.12360165
11d,2097152,0.0,0,0,0.0,1.106430568
11d,2097152,0.0,0,0,0.0,1.114373833
