label,join_buffer_size_bytes,spill_ratio,spill_count,optimistic_count,optimism_level,duration_s
26c,2097152,0.0,0,0,0.0,2.6867530139999998
26c,2097152,0.0,0,0,0.0,2.67106977
26c,2097152,0.0,0,0,0.0,2.6747951370000003
26c,2097152,0.0,0,0,0.0,2.71669897
26c,2097152,0.0,0,0,0.0,2.680470032
26c,2097152,0.0,0,0,0.0,2.674361472
26c,2097152,0.0,0,0,0.0,2.701379406
