label,join_buffer_size_bytes,spill_ratio,spill_count,optimistic_count,optimism_level,duration_s
2c,2097152,0.0,0,0,0.0,0.129021529
2c,2097152,0.0,0,0,0.0,0.127434202
2c,2097152,0.0,0,0,0.0,0.128062153
2c,2097152,0.0,0,0,0.0,0.129500335
2c,2097152,0.0,0,0,0.0,0.130736023
2c,2097152,0.0,0,0,0.0,0.135040061
2c,2097152,0.0,0,0,0.0,0.127620288
