label,join_buffer_size_bytes,spill_ratio,spill_count,optimistic_count,optimism_level,duration_s
32b,2097152,0.0,0,0,0.0,0.12212831
32b,2097152,0.0,0,0,0.0,0.122468482
32b,2097152,0.0,0,0,0.0,0.123643018
32b,2097152,0.0,0,0,0.0,0.12040485
32b,2097152,0.0,0,0,0.0,0.123012932
32b,2097152,0.0,0,0,0.0,0.12204477
32b,2097152,0.0,0,0,0.0,0.121954352
