label,join_buffer_size_bytes,spill_ratio,spill_count,optimistic_count,optimism_level,duration_s
30b,2097152,0.0,0,0,0.0,0.195093627
30b,2097152,0.0,0,0,0.0,0.200345108
30b,2097152,0.0,0,0,0.0,0.194921403
30b,2097152,0.0,0,0,0.0,0.193556417
30b,2097152,0.0,0,0,0.0,0.197735359
30b,2097152,0.0,0,0,0.0,0.197510303
30b,2097152,0.0,0,0,0.0,0.198028949
