label,join_buffer_size_bytes,spill_ratio,spill_count,optimistic_count,optimism_level,duration_s
14b,2097152,0.0,0,0,0.0,1.488533222
14b,2097152,0.0,0,0,0.0,1.4792288230000001
14b,2097152,0.0,0,0,0.0,1.477956577
14b,2097152,0.0,0,0,0.0,1.506649544
14b,2097152,0.0,0,0,0.0,1.498803779
14b,2097152,0.0,0,0,0.0,1.491853784
14b,2097152,0.0,0,0,0.0,1.497328072
