label,join_buffer_size_bytes,spill_ratio,spill_count,optimistic_count,optimism_level,duration_s
23a,2097152,0.0,0,0,0.0,3.160169935
23a,2097152,0.0,0,0,0.0,3.165787938
23a,2097152,0.0,0,0,0.0,3.17055743
23a,2097152,0.0,0,0,0.0,3.166519728
23a,2097152,0.0,0,0,0.0,3.162955914
23a,2097152,0.0,0,0,0.0,3.159094852
23a,2097152,0.0,0,0,0.0,3.189334687
