label,join_buffer_size_bytes,spill_ratio,spill_count,optimistic_count,optimism_level,duration_s
17a,2097152,0.0,0,0,0.0,0.126788832
17a,2097152,0.0,0,0,0.0,0.126480444
17a,2097152,0.0,0,0,0.0,0.126136143
17a,2097152,0.0,0,0,0.0,0.1286933
17a,2097152,0.0,0,0,0.0,0.126015833
17a,2097152,0.0,0,0,0.0,0.128039397
17a,2097152,0.0,0,0,0.0,0.128601779
