label,join_buffer_size_bytes,spill_ratio,spill_count,optimistic_count,optimism_level,duration_s
28c,2097152,0.0,0,0,0.0,1.461706431
28c,2097152,0.0,0,0,0.0,1.462581487
28c,2097152,0.0,0,0,0.0,1.460502228
28c,2097152,0.0,0,0,0.0,1.4804117909999999
28c,2097152,0.0,0,0,0.0,1.451481633
28c,2097152,0.0,0,0,0.0,1.462177864
28c,2097152,0.0,0,0,0.0,1.4652911290000001
