label,join_buffer_size_bytes,spill_ratio,spill_count,optimistic_count,optimism_level,duration_s
22a,2097152,0.0,0,0,0.0,4.220483226
22a,2097152,0.0,0,0,0.0,4.216494805
22a,2097152,0.0,0,0,0.0,4.190476867
22a,2097152,0.0,0,0,0.0,4.204920184
22a,2097152,0.0,0,0,0.0,4.260022592
22a,2097152,0.0,0,0,0.0,4.233798515
22a,2097152,0.0,0,0,0.0,4.208047079
