label,join_buffer_size_bytes,spill_ratio,spill_count,optimistic_count,optimism_level,duration_s
31a,2097152,0.0,0,0,0.0,5.122738835
31a,2097152,0.0,0,0,0.0,5.112638739
31a,2097152,0.0,0,0,0.0,5.099354591
31a,2097152,0.0,0,0,0.0,5.133877836
31a,2097152,0.0,0,0,0.0,5.09142835
31a,2097152,0.0,0,0,0.0,5.123877546
31a,2097152,0.0,0,0,0.0,5.090126634
