label,join_buffer_size_bytes,spill_ratio,spill_count,optimistic_count,optimism_level,duration_s
13c,2097152,0.0,0,0,0.0,1.912533919
13c,2097152,0.0,0,0,0.0,1.9168807079999999
13c,2097152,0.0,0,0,0.0,1.911977965
13c,2097152,0.0,0,0,0.0,1.939102571
13c,2097152,0.0,0,0,0.0,1.945508263
13c,2097152,0.0,0,0,0.0,1.925802306
13c,2097152,0.0,0,0,0.0,1.918175303
