label,join_buffer_size_bytes,spill_ratio,spill_count,optimistic_count,optimism_level,duration_s
1d,2097152,0.0,0,0,0.0,0.059173136
1d,2097152,0.0,0,0,0.0,0.05837196
1d,2097152,0.0,0,0,0.0,0.05956374
1d,2097152,0.0,0,0,0.0,0.058047931
1d,2097152,0.0,0,0,0.0,0.057972448
1d,2097152,0.0,0,0,0.0,0.059317031
1d,2097152,0.0,0,0,0.0,0.057194134
