label,join_buffer_size_bytes,spill_ratio,spill_count,optimistic_count,optimism_level,duration_s
1a,2097152,0.0,0,0,0.0,0.084732756
1a,2097152,0.0,0,0,0.0,0.079739523
1a,2097152,0.0,0,0,0.0,0.079134669
1a,2097152,0.0,0,0,0.0,0.078751033
1a,2097152,0.0,0,0,0.0,0.078574103
1a,2097152,0.0,0,0,0.0,0.079270453
1a,2097152,0.0,0,0,0.0,0.077869714
