label,join_buffer_size_bytes,spill_ratio,spill_count,optimistic_count,optimism_level,duration_s
23b,2097152,0.0,0,0,0.0,3.127695602
23b,2097152,0.0,0,0,0.0,3.163066888
23b,2097152,0.0,0,0,0.0,3.161920127
23b,2097152,0.0,0,0,0.0,3.132665993
23b,2097152,0.0,0,0,0.0,3.159986136
23b,2097152,0.0,0,0,0.0,3.165797807
23b,2097152,0.0,0,0,0.0,3.183053339
