label,join_buffer_size_bytes,spill_ratio,spill_count,optimistic_count,optimism_level,duration_s
6b,2097152,0.0,0,0,0.0,3.050071721
6b,2097152,0.0,0,0,0.0,3.066110495
6b,2097152,0.0,0,0,0.0,3.076384517
6b,2097152,0.0,0,0,0.0,3.075381658
6b,2097152,0.0,0,0,0.0,3.111244183
6b,2097152,0.0,0,0,0.0,3.07754839
6b,2097152,0.0,0,0,0.0,3.095465246
