label,join_buffer_size_bytes,spill_ratio,spill_count,optimistic_count,optimism_level,duration_s
14a,2097152,0.0,0,0,0.0,2.920482195
14a,2097152,0.0,0,0,0.0,2.915172437
14a,2097152,0.0,0,0,0.0,2.936204323
14a,2097152,0.0,0,0,0.0,2.940288207
14a,2097152,0.0,0,0,0.0,2.918160475
14a,2097152,0.0,0,0,0.0,2.927222517
14a,2097152,0.0,0,0,0.0,2.9132646920000003
