label,join_buffer_size_bytes,spill_ratio,spill_count,optimistic_count,optimism_level,duration_s
5a,2097152,0.0,0,0,0.0,1.874735436
5a,2097152,0.0,0,0,0.0,1.902651256
5a,2097152,0.0,0,0,0.0,1.894638528
5a,2097152,0.0,0,0,0.0,1.884535619
5a,2097152,0.0,0,0,0.0,1.887249232
5a,2097152,0.0,0,0,0.0,1.9032904290000001
5a,2097152,0.0,0,0,0.0,1.889738573
