label,join_buffer_size_bytes,spill_ratio,spill_count,optimistic_count,optimism_level,duration_s
21c,2097152,0.0,0,0,0.0,0.086946381
21c,2097152,0.0,0,0,0.0,0.087428616
21c,2097152,0.0,0,0,0.0,0.087272553
21c,2097152,0.0,0,0,0.0,0.08683111
21c,2097152,0.0,0,0,0.0,0.088652316
21c,2097152,0.0,0,0,0.0,0.087500632
21c,2097152,0.0,0,0,0.0,0.087899514
