label,join_buffer_size_bytes,spill_ratio,spill_count,optimistic_count,optimism_level,duration_s
33a,2097152,0.0,0,0,0.0,0.101612861
33a,2097152,0.0,0,0,0.0,0.10113844
33a,2097152,0.0,0,0,0.0,0.102240935
33a,2097152,0.0,0,0,0.0,0.102952471
33a,2097152,0.0,0,0,0.0,0.101940581
33a,2097152,0.0,0,0,0.0,0.101632492
33a,2097152,0.0,0,0,0.0,0.103105214
