label,join_buffer_size_bytes,spill_ratio,spill_count,optimistic_count,optimism_level,duration_s
13a,2097152,0.0,0,0,0.0,6.346262461
13a,2097152,0.0,0,0,0.0,6.277706718
13a,2097152,0.0,0,0,0.0,6.331138494
13a,2097152,0.0,0,0,0.0,6.318838285
13a,2097152,0.0,0,0,0.0,6.306820126
13a,2097152,0.0,0,0,0.0,6.3737925109999995
13a,2097152,0.0,0,0,0.0,6.340629323
