label,join_buffer_size_bytes,spill_ratio,spill_count,optimistic_count,optimism_level,duration_s
9a,2097152,0.0,0,0,0.0,16.667913347
9a,2097152,0.0,0,0,0.0,16.84090278
9a,2097152,0.0,0,0,0.0,16.653258843
9a,2097152,0.0,0,0,0.0,16.656932558
9a,2097152,0.0,0,0,0.0,16.805744214
9a,2097152,0.0,0,0,0.0,16.679291115
9a,2097152,0.0,0,0,0.0,16.577068842
