label,join_buffer_size_bytes,spill_ratio,spill_count,optimistic_count,optimism_level,duration_s
9b,2097152,0.0,0,0,0.0,7.235629307
9b,2097152,0.0,0,0,0.0,7.303102226
9b,2097152,0.0,0,0,0.0,7.223610316
9b,2097152,0.0,0,0,0.0,7.222622688
9b,2097152,0.0,0,0,0.0,7.309724886
9b,2097152,0.0,0,0,0.0,7.213540019
9b,2097152,0.0,0,0,0.0,7.262868686
