label,join_buffer_size_bytes,spill_ratio,spill_count,optimistic_count,optimism_level,duration_s
30a,2097152,0.0,0,0,0.0,1.407490328
30a,2097152,0.0,0,0,0.0,1.398054768
30a,2097152,0.0,0,0,0.0,1.400479307
30a,2097152,0.0,0,0,0.0,1.412100932
30a,2097152,0.0,0,0,0.0,1.405032346
30a,2097152,0.0,0,0,0.0,1.403974761
30a,2097152,0.0,0,0,0.0,1.402743471
