label,join_buffer_size_bytes,spill_ratio,spill_count,optimistic_count,optimism_level,duration_s
24b,2097152,0.0,0,0,0.0,0.237322334
24b,2097152,0.0,0,0,0.0,0.239489024
24b,2097152,0.0,0,0,0.0,0.238682954
24b,2097152,0.0,0,0,0.0,0.237647562
24b,2097152,0.0,0,0,0.0,0.241345455
24b,2097152,0.0,0,0,0.0,0.236770016
24b,2097152,0.0,0,0,0.0,0.239869276
